Timestamp;Schlusskurs
946857600;1.0083
946944000;1.0316
947030400;1.0349
947116800;1.0392
947203200;1.0282
947462400;1.022
947548800;1.0284
947635200;1.0304
947721600;1.0282
947808000;1.0233
948067200;1.0099
948153600;1.0075
948240000;1.0099
948326400;1.0101
948412800;1.0124
948672000;1.0043
948758400;1.0016
948844800;1.001
948931200;1.0003
949017600;0.9855
949276800;0.9809
949363200;0.9689
949449600;0.9725
949536000;0.9748
949622400;0.9852
949881600;0.9785
949968000;0.9861
950054400;0.9908
950140800;0.9883
950227200;0.9799
950486400;0.9885
950572800;0.9814
950659200;0.9808
950745600;0.992
950832000;0.9866
951091200;0.985
951177600;0.9993
951264000;1.0057
951350400;0.9931
951436800;0.9819
951696000;0.9672
951782400;0.9738
951868800;0.9681
951955200;0.9706
952041600;0.9647
952300800;0.9627
952387200;0.9592
952473600;0.9545
952560000;0.9618
952646400;0.9619
952905600;0.97
952992000;0.9616
953078400;0.9649
953164800;0.9684
953251200;0.9675
953510400;0.9701
953596800;0.9712
953683200;0.9598
953769600;0.9618
953856000;0.9711
954115200;0.9733
954201600;0.9655
954288000;0.9568
954374400;0.9557
954460800;0.9538
954720000;0.9536
954806400;0.9536
954892800;0.9664
954979200;0.9628
955065600;0.9567
955324800;0.9562
955411200;0.9597
955497600;0.9557
955584000;0.956
955670400;0.9534
955929600;0.9585
956016000;0.95
956102400;0.9466
956188800;0.9392
956275200;0.9392
956534400;0.9392
956620800;0.9312
956707200;0.9195
956793600;0.9206
956880000;0.9062
957139200;0.9062
957225600;0.9094
957312000;0.8959
957398400;0.8919
957484800;0.8955
957744000;0.8923
957830400;0.8955
957916800;0.9107
958003200;0.9099
958089600;0.9042
958348800;0.9155
958435200;0.9068
958521600;0.8933
958608000;0.8916
958694400;0.8876
958953600;0.9
959040000;0.9102
959126400;0.91
959212800;0.9018
959299200;0.914
959558400;0.9263
959644800;0.9355
959731200;0.9303
959817600;0.933
959904000;0.9353
960163200;0.9426
960249600;0.9456
960336000;0.956
960422400;0.9579
960508800;0.954
960768000;0.9525
960854400;0.9575
960940800;0.9627
961027200;0.953
961113600;0.9568
961372800;0.9633
961459200;0.9543
961545600;0.9468
961632000;0.9389
961718400;0.9372
961977600;0.9322
962064000;0.9401
962150400;0.9415
962236800;0.9505
962323200;0.9573
962582400;0.949
962668800;0.9475
962755200;0.9558
962841600;0.9572
962928000;0.9492
963187200;0.9518
963273600;0.9533
963360000;0.9493
963446400;0.9352
963532800;0.9335
963792000;0.938
963878400;0.9352
963964800;0.9206
964051200;0.9208
964137600;0.9334
964396800;0.9343
964483200;0.9423
964569600;0.9392
964656000;0.9391
964742400;0.9272
965001600;0.9237
965088000;0.9261
965174400;0.915
965260800;0.903
965347200;0.9037
965606400;0.9077
965692800;0.9038
965779200;0.897
965865600;0.9021
965952000;0.9128
966211200;0.903
966297600;0.9133
966384000;0.9069
966470400;0.912
966556800;0.912
966816000;0.9027
966902400;0.8976
966988800;0.8922
967075200;0.8999
967161600;0.9024
967420800;0.9
967507200;0.9
967593600;0.8882
967680000;0.894
967766400;0.8891
968025600;0.9
968112000;0.8867
968198400;0.8824
968284800;0.8678
968371200;0.8721
968630400;0.8591
968716800;0.8615
968803200;0.8645
968889600;0.8687
968976000;0.8638
969235200;0.8535
969321600;0.8529
969408000;0.8455
969494400;0.8497
969580800;0.87
969840000;0.8782
969926400;0.8775
970012800;0.8841
970099200;0.8848
970185600;0.8801
970444800;0.8827
970531200;0.8827
970617600;0.8749
970704000;0.8725
970790400;0.8727
971049600;0.869
971136000;0.8732
971222400;0.8726
971308800;0.8657
971395200;0.8646
971654400;0.8514
971740800;0.8491
971827200;0.853
971913600;0.8424
972000000;0.8454
972259200;0.8383
972345600;0.8351
972432000;0.831
972518400;0.8292
972604800;0.8327
972864000;0.85
972950400;0.8404
973036800;0.8553
973123200;0.8656
973209600;0.8735
973468800;0.8672
973555200;0.8595
973641600;0.8555
973728000;0.8518
973814400;0.8637
974073600;0.8617
974160000;0.8584
974246400;0.8603
974332800;0.8572
974419200;0.8529
974678400;0.8495
974764800;0.8484
974851200;0.843
974937600;0.8433
975024000;0.8449
975283200;0.8391
975369600;0.8508
975456000;0.8628
975542400;0.8685
975628800;0.8753
975888000;0.8874
975974400;0.8816
976060800;0.8848
976147200;0.8938
976233600;0.8893
976492800;0.8811
976579200;0.8774
976665600;0.8753
976752000;0.8844
976838400;0.8978
977097600;0.8962
977184000;0.8882
977270400;0.9038
977356800;0.9145
977443200;0.9225
977702400;0.9225
977788800;0.9225
977875200;0.9316
977961600;0.9287
978048000;0.9307
978307200;0.9307
978393600;0.9454
978480000;0.9544
978566400;0.9467
978652800;0.9538
978912000;0.9495
978998400;0.9401
979084800;0.9418
979171200;0.9519
979257600;0.9528
979516800;0.9426
979603200;0.9415
979689600;0.938
979776000;0.9421
979862400;0.9419
980121600;0.9304
980208000;0.9412
980294400;0.9295
980380800;0.9142
980467200;0.927
980726400;0.9183
980812800;0.9179
980899200;0.93
980985600;0.9413
981072000;0.9402
981331200;0.9413
981417600;0.9345
981504000;0.9313
981590400;0.9221
981676800;0.9233
981936000;0.9279
982022400;0.927
982108800;0.919
982195200;0.9084
982281600;0.9126
982540800;0.9227
982627200;0.9093
982713600;0.9145
982800000;0.9066
982886400;0.9055
983145600;0.9082
983232000;0.9144
983318400;0.9242
983404800;0.9267
983491200;0.9362
983750400;0.9309
983836800;0.9264
983923200;0.9325
984009600;0.9311
984096000;0.9342
984355200;0.9282
984441600;0.9217
984528000;0.9164
984614400;0.9083
984700800;0.8954
984960000;0.9005
985046400;0.9012
985132800;0.8988
985219200;0.8901
985305600;0.8946
985564800;0.8931
985651200;0.8956
985737600;0.8864
985824000;0.8861
985910400;0.8818
986169600;0.8782
986256000;0.883
986342400;0.8988
986428800;0.9004
986515200;0.896
986774400;0.9016
986860800;0.8946
986947200;0.8884
987033600;0.8849
987120000;0.8849
987379200;0.8849
987465600;0.8788
987552000;0.8795
987638400;0.884
987724800;0.8998
987984000;0.9002
988070400;0.8956
988156800;0.8936
988243200;0.8968
988329600;0.9016
988588800;0.8865
988675200;0.8865
988761600;0.8901
988848000;0.89
988934400;0.8922
989193600;0.8928
989280000;0.8868
989366400;0.8815
989452800;0.8862
989539200;0.8762
989798400;0.8744
989884800;0.8776
989971200;0.882
990057600;0.8826
990144000;0.877
990403200;0.8743
990489600;0.871
990576000;0.8582
990662400;0.8589
990748800;0.8568
991008000;0.8581
991094400;0.8552
991180800;0.8551
991267200;0.8475
991353600;0.8479
991612800;0.854
991699200;0.844
991785600;0.8533
991872000;0.8473
991958400;0.8483
992217600;0.8491
992304000;0.8468
992390400;0.8547
992476800;0.8519
992563200;0.8665
992822400;0.8588
992908800;0.8572
992995200;0.8512
993081600;0.8555
993168000;0.8527
993427200;0.861
993513600;0.8616
993600000;0.8632
993686400;0.8632
993772800;0.8632
994032000;0.8471
994118400;0.8468
994204800;0.8444
994291200;0.8419
994377600;0.8394
994636800;0.8457
994723200;0.8534
994809600;0.8612
994896000;0.8539
994982400;0.8555
995241600;0.8574
995328000;0.852
995414400;0.8636
995500800;0.8751
995587200;0.8745
995846400;0.8693
995932800;0.871
996019200;0.8752
996105600;0.879
996192000;0.8769
996451200;0.8742
996537600;0.8765
996624000;0.881
996710400;0.8825
996796800;0.8802
997056000;0.8811
997142400;0.8758
997228800;0.8745
997315200;0.8852
997401600;0.8941
997660800;0.8986
997747200;0.8955
997833600;0.9108
997920000;0.9155
998006400;0.9153
998265600;0.9148
998352000;0.9135
998438400;0.9228
998524800;0.9108
998611200;0.9113
998870400;0.9111
998956800;0.9045
999043200;0.9127
999129600;0.9093
999216000;0.9174
999475200;0.9078
999561600;0.8979
999648000;0.8905
999734400;0.8877
999820800;0.895
1000080000;0.9055
1000166400;0.8972
1000252800;0.9055
1000339200;0.907
1000425600;0.9182
1000684800;0.9302
1000771200;0.9245
1000857600;0.9276
1000944000;0.9246
1001030400;0.9204
1001289600;0.9148
1001376000;0.9168
1001462400;0.9217
1001548800;0.9202
1001635200;0.9172
1001894400;0.9117
1001980800;0.9145
1002067200;0.9207
1002153600;0.9144
1002240000;0.9176
1002499200;0.9209
1002585600;0.9208
1002672000;0.9129
1002758400;0.9058
1002844800;0.903
1003104000;0.9116
1003190400;0.9039
1003276800;0.9032
1003363200;0.901
1003449600;0.8995
1003708800;0.8972
1003795200;0.8873
1003881600;0.8923
1003968000;0.8905
1004054400;0.893
1004313600;0.8993
1004400000;0.906
1004486400;0.9056
1004572800;0.9101
1004659200;0.9046
1004918400;0.8945
1005004800;0.8969
1005091200;0.9032
1005177600;0.897
1005264000;0.891
1005523200;0.892
1005609600;0.8845
1005696000;0.8786
1005782400;0.8834
1005868800;0.8837
1006128000;0.8789
1006214400;0.8827
1006300800;0.8789
1006387200;0.877
1006473600;0.879
1006732800;0.8815
1006819200;0.877
1006905600;0.8827
1006992000;0.8894
1007078400;0.8898
1007337600;0.8928
1007424000;0.8906
1007510400;0.8923
1007596800;0.8879
1007683200;0.8924
1007942400;0.8902
1008028800;0.8917
1008115200;0.895
1008201600;0.8974
1008288000;0.9016
1008547200;0.9071
1008633600;0.9032
1008720000;0.8995
1008806400;0.8981
1008892800;0.8972
1009152000;0.8972
1009238400;0.8972
1009324800;0.8972
1009411200;0.8826
1009497600;0.8826
1009756800;0.8826
1009843200;0.8826
1009929600;0.8994
1010016000;0.9017
1010102400;0.8977
1010361600;0.8968
1010448000;0.8904
1010534400;0.8929
1010620800;0.893
1010707200;0.892
1010966400;0.8935
1011052800;0.8919
1011139200;0.8815
1011225600;0.8806
1011312000;0.8807
1011571200;0.8846
1011657600;0.8842
1011744000;0.8867
1011830400;0.8781
1011916800;0.8737
1012176000;0.865
1012262400;0.8613
1012348800;0.8663
1012435200;0.8629
1012521600;0.8605
1012780800;0.8623
1012867200;0.8694
1012953600;0.8669
1013040000;0.8678
1013126400;0.8728
1013385600;0.8738
1013472000;0.879
1013558400;0.8758
1013644800;0.8719
1013731200;0.8717
1013990400;0.873
1014076800;0.8678
1014163200;0.8758
1014249600;0.8711
1014336000;0.8697
1014595200;0.8744
1014681600;0.8708
1014768000;0.8648
1014854400;0.8657
1014940800;0.8681
1015200000;0.8639
1015286400;0.8699
1015372800;0.8717
1015459200;0.8789
1015545600;0.8789
1015804800;0.8746
1015891200;0.8733
1015977600;0.8744
1016064000;0.8813
1016150400;0.8832
1016409600;0.8804
1016496000;0.8837
1016582400;0.8795
1016668800;0.8844
1016755200;0.8801
1017014400;0.8781
1017100800;0.8761
1017187200;0.8759
1017273600;0.872
1017360000;0.872
1017619200;0.872
1017705600;0.8784
1017792000;0.879
1017878400;0.8811
1017964800;0.8791
1018224000;0.8774
1018310400;0.876
1018396800;0.8814
1018483200;0.8807
1018569600;0.8807
1018828800;0.8814
1018915200;0.8803
1019001600;0.8874
1019088000;0.8903
1019174400;0.8912
1019433600;0.8896
1019520000;0.8873
1019606400;0.8894
1019692800;0.8953
1019779200;0.8967
1020038400;0.904
1020124800;0.9014
1020211200;0.9014
1020297600;0.9051
1020384000;0.9053
1020643200;0.9147
1020729600;0.9148
1020816000;0.9101
1020902400;0.9057
1020988800;0.9135
1021248000;0.9154
1021334400;0.9062
1021420800;0.9029
1021507200;0.9117
1021593600;0.9141
1021852800;0.9207
1021939200;0.9201
1022025600;0.9242
1022112000;0.926
1022198400;0.9177
1022457600;0.9212
1022544000;0.9268
1022630400;0.9287
1022716800;0.9365
1022803200;0.9377
1023062400;0.9318
1023148800;0.9437
1023235200;0.9375
1023321600;0.9375
1023408000;0.9456
1023667200;0.9443
1023753600;0.9468
1023840000;0.9482
1023926400;0.9404
1024012800;0.9454
1024272000;0.944
1024358400;0.9477
1024444800;0.9559
1024531200;0.9586
1024617600;0.9652
1024876800;0.9783
1024963200;0.9705
1025049600;0.9887
1025136000;0.986
1025222400;0.9919
1025481600;0.9923
1025568000;0.9826
1025654400;0.9795
1025740800;0.9759
1025827200;0.9746
1026086400;0.9856
1026172800;0.989
1026259200;0.9944
1026345600;0.9872
1026432000;0.989
1026691200;0.9962
1026777600;1.0129
1026864000;1.0086
1026950400;1.0057
1027036800;1.0139
1027296000;1.0111
1027382400;0.9909
1027468800;0.9905
1027555200;1.0008
1027641600;1.0009
1027900800;0.9814
1027987200;0.9814
1028073600;0.9794
1028160000;0.9736
1028246400;0.9868
1028505600;0.9849
1028592000;0.9672
1028678400;0.9674
1028764800;0.97
1028851200;0.9724
1029110400;0.9724
1029196800;0.9775
1029283200;0.9874
1029369600;0.9759
1029456000;0.9812
1029715200;0.9831
1029801600;0.9802
1029888000;0.9808
1029974400;0.9773
1030060800;0.9684
1030320000;0.9704
1030406400;0.9753
1030492800;0.9805
1030579200;0.9855
1030665600;0.9853
1030924800;0.9824
1031011200;0.9874
1031097600;0.9939
1031184000;0.9978
1031270400;0.9919
1031529600;0.9802
1031616000;0.9765
1031702400;0.9749
1031788800;0.9767
1031875200;0.9812
1032134400;0.9682
1032220800;0.9616
1032307200;0.9727
1032393600;0.9797
1032480000;0.9842
1032739200;0.9853
1032825600;0.977
1032912000;0.9826
1032998400;0.9797
1033084800;0.9787
1033344000;0.9855
1033430400;0.9879
1033516800;0.9823
1033603200;0.988
1033689600;0.9865
1033948800;0.9798
1034035200;0.9804
1034121600;0.9797
1034208000;0.9921
1034294400;0.9873
1034553600;0.9882
1034640000;0.9838
1034726400;0.9807
1034812800;0.9779
1034899200;0.972
1035158400;0.9755
1035244800;0.9758
1035331200;0.979
1035417600;0.9738
1035504000;0.9779
1035763200;0.9741
1035849600;0.9836
1035936000;0.9834
1036022400;0.9869
1036108800;0.9909
1036368000;0.9952
1036454400;1.0028
1036540800;0.996
1036627200;1.0015
1036713600;1.01
1036972800;1.0143
1037059200;1.0112
1037145600;1.0077
1037232000;1.0072
1037318400;1.0045
1037577600;1.0094
1037664000;1.0096
1037750400;1.0021
1037836800;1.0019
1037923200;1.003
1038182400;0.995
1038268800;0.991
1038355200;0.992
1038441600;0.9928
1038528000;0.9937
1038787200;0.9932
1038873600;0.9966
1038960000;1.0015
1039046400;1.0001
1039132800;1.0008
1039392000;1.0108
1039478400;1.0133
1039564800;1.0087
1039651200;1.0134
1039737600;1.0249
1039996800;1.0216
1040083200;1.0319
1040169600;1.0269
1040256000;1.0267
1040342400;1.0246
1040601600;1.031
1040688000;1.031
1040774400;1.031
1040860800;1.031
1040947200;1.0386
1041206400;1.0425
1041292800;1.0425
1041379200;1.0425
1041465600;1.0474
1041552000;1.0357
1041811200;1.0472
1041897600;1.0408
1041984000;1.0407
1042070400;1.0523
1042156800;1.0519
1042416000;1.0543
1042502400;1.0583
1042588800;1.0519
1042675200;1.0573
1042761600;1.066
1043020800;1.0659
1043107200;1.0663
1043193600;1.0696
1043280000;1.0766
1043366400;1.0777
1043625600;1.0878
1043712000;1.0797
1043798400;1.088
1043884800;1.0758
1043971200;1.0819
1044230400;1.0716
1044316800;1.0797
1044403200;1.0919
1044489600;1.0797
1044576000;1.0756
1044835200;1.0805
1044921600;1.0678
1045008000;1.0761
1045094400;1.0779
1045180800;1.0817
1045440000;1.0704
1045526400;1.0733
1045612800;1.0726
1045699200;1.0768
1045785600;1.0839
1046044800;1.0726
1046131200;1.0803
1046217600;1.0766
1046304000;1.0798
1046390400;1.0754
1046649600;1.0798
1046736000;1.0919
1046822400;1.0974
1046908800;1.0952
1046995200;1.1029
1047254400;1.1034
1047340800;1.105
1047427200;1.1024
1047513600;1.0916
1047600000;1.0776
1047859200;1.0805
1047945600;1.0606
1048032000;1.0634
1048118400;1.0615
1048204800;1.0589
1048464000;1.0644
1048550400;1.0703
1048636800;1.0654
1048723200;1.0735
1048809600;1.0724
1049068800;1.0874
1049155200;1.0906
1049241600;1.0837
1049328000;1.0711
1049414400;1.0726
1049673600;1.0572
1049760000;1.0704
1049846400;1.0758
1049932800;1.0775
1050019200;1.0768
1050278400;1.075
1050364800;1.0745
1050451200;1.0834
1050537600;1.0917
1050624000;1.0917
1050883200;1.0917
1050969600;1.0945
1051056000;1.0965
1051142400;1.1017
1051228800;1.0993
1051488000;1.1019
1051574400;1.0989
1051660800;1.1136
1051747200;1.1136
1051833600;1.1218
1052092800;1.1215
1052179200;1.1333
1052265600;1.1388
1052352000;1.1358
1052438400;1.1514
1052697600;1.1591
1052784000;1.1517
1052870400;1.1503
1052956800;1.1478
1053043200;1.1434
1053302400;1.1713
1053388800;1.1611
1053475200;1.1719
1053561600;1.1669
1053648000;1.1793
1053907200;1.1814
1053993600;1.1899
1054080000;1.1795
1054166400;1.1706
1054252800;1.1833
1054512000;1.169
1054598400;1.1772
1054684800;1.1718
1054771200;1.1678
1054857600;1.1866
1055116800;1.173
1055203200;1.1718
1055289600;1.1725
1055376000;1.1756
1055462400;1.1789
1055721600;1.1897
1055808000;1.1852
1055894400;1.1758
1055980800;1.1633
1056067200;1.1692
1056326400;1.1545
1056412800;1.1561
1056499200;1.1524
1056585600;1.148
1056672000;1.1419
1056931200;1.1426
1057017600;1.1535
1057104000;1.1543
1057190400;1.1464
1057276800;1.1482
1057536000;1.1417
1057622400;1.1275
1057708800;1.1346
1057795200;1.1324
1057881600;1.1332
1058140800;1.1262
1058227200;1.1294
1058313600;1.1152
1058400000;1.1229
1058486400;1.1226
1058745600;1.1265
1058832000;1.1367
1058918400;1.1383
1059004800;1.1477
1059091200;1.1485
1059350400;1.1517
1059436800;1.151
1059523200;1.1441
1059609600;1.1334
1059696000;1.1216
1059955200;1.1301
1060041600;1.1353
1060128000;1.1401
1060214400;1.1351
1060300800;1.1338
1060560000;1.1278
1060646400;1.1343
1060732800;1.1245
1060819200;1.132
1060905600;1.1266
1061164800;1.1229
1061251200;1.1102
1061337600;1.1122
1061424000;1.1015
1061510400;1.0926
1061769600;1.0907
1061856000;1.0859
1061942400;1.0892
1062028800;1.0874
1062115200;1.0914
1062374400;1.0982
1062460800;1.0865
1062547200;1.0803
1062633600;1.0837
1062720000;1.0937
1062979200;1.1067
1063065600;1.1109
1063152000;1.1188
1063238400;1.1236
1063324800;1.1175
1063584000;1.1272
1063670400;1.1246
1063756800;1.1165
1063843200;1.1282
1063929600;1.1275
1064188800;1.148
1064275200;1.1492
1064361600;1.1479
1064448000;1.1479
1064534400;1.1473
1064793600;1.1399
1064880000;1.1673
1064966400;1.1675
1065052800;1.174
1065139200;1.1706
1065398400;1.1587
1065484800;1.1785
1065571200;1.1814
1065657600;1.1848
1065744000;1.1726
1066003200;1.1666
1066089600;1.1628
1066176000;1.1692
1066262400;1.1605
1066348800;1.1599
1066608000;1.1687
1066694400;1.1646
1066780800;1.1691
1066867200;1.1814
1066953600;1.1788
1067212800;1.1768
1067299200;1.1725
1067385600;1.1709
1067472000;1.1676
1067558400;1.1637
1067817600;1.1587
1067904000;1.1456
1067990400;1.1463
1068076800;1.145
1068163200;1.1424
1068422400;1.1499
1068508800;1.1506
1068595200;1.158
1068681600;1.169
1068768000;1.1782
1069027200;1.1825
1069113600;1.1766
1069200000;1.1924
1069286400;1.1919
1069372800;1.1882
1069632000;1.1791
1069718400;1.1779
1069804800;1.1835
1069891200;1.1913
1069977600;1.198
1070236800;1.2004
1070323200;1.1968
1070409600;1.211
1070496000;1.2073
1070582400;1.2068
1070841600;1.2185
1070928000;1.2271
1071014400;1.2204
1071100800;1.2163
1071187200;1.2246
1071446400;1.2233
1071532800;1.2348
1071619200;1.2346
1071705600;1.2429
1071792000;1.2429
1072051200;1.234
1072137600;1.2418
1072224000;1.2418
1072310400;1.2418
1072396800;1.2418
1072656000;1.2478
1072742400;1.2502
1072828800;1.2502
1072915200;1.2502
1073001600;1.2619
1073260800;1.2662
1073347200;1.2723
1073433600;1.2658
1073520000;1.2577
1073606400;1.2746
1073865600;1.2893
1073952000;1.2753
1074038400;1.266
1074124800;1.2646
1074211200;1.2492
1074470400;1.2356
1074556800;1.2479
1074643200;1.2658
1074729600;1.2704
1074816000;1.2761
1075075200;1.2564
1075161600;1.2464
1075248000;1.2604
1075334400;1.2524
1075420800;1.2376
1075680000;1.246
1075766400;1.2548
1075852800;1.2551
1075939200;1.2588
1076025600;1.2526
1076284800;1.275
1076371200;1.2778
1076457600;1.2688
1076544000;1.2819
1076630400;1.2814
1076889600;1.2753
1076976000;1.2841
1077062400;1.2894
1077148800;1.2709
1077235200;1.2648
1077494400;1.2548
1077580800;1.2572
1077667200;1.2668
1077753600;1.2445
1077840000;1.2395
1078099200;1.2492
1078185600;1.2404
1078272000;1.2172
1078358400;1.2172
1078444800;1.2199
1078704000;1.2385
1078790400;1.2399
1078876800;1.2291
1078963200;1.2197
1079049600;1.2253
1079308800;1.2309
1079395200;1.2329
1079481600;1.2255
1079568000;1.2271
1079654400;1.2343
1079913600;1.2291
1080000000;1.2338
1080086400;1.2288
1080172800;1.212
1080259200;1.2142
1080518400;1.2114
1080604800;1.2203
1080691200;1.2227
1080777600;1.2328
1080864000;1.2326
1081123200;1.2117
1081209600;1.2054
1081296000;1.2084
1081382400;1.2174
1081468800;1.2174
1081728000;1.2174
1081814400;1.2002
1081900800;1.193
1081987200;1.1942
1082073600;1.1984
1082332800;1.2054
1082419200;1.1914
1082505600;1.1832
1082592000;1.1826
1082678400;1.1896
1082937600;1.182
1083024000;1.1869
1083110400;1.1917
1083196800;1.1829
1083283200;1.1959
1083542400;1.1955
1083628800;1.2031
1083715200;1.2148
1083801600;1.2149
1083888000;1.2059
1084147200;1.1833
1084233600;1.1838
1084320000;1.1886
1084406400;1.1875
1084492800;1.1808
1084752000;1.2037
1084838400;1.1993
1084924800;1.2003
1085011200;1.193
1085097600;1.204
1085356800;1.1949
1085443200;1.2066
1085529600;1.2125
1085616000;1.2155
1085702400;1.2267
1085961600;1.2226
1086048000;1.2249
1086134400;1.227
1086220800;1.2212
1086307200;1.2209
1086566400;1.2319
1086652800;1.2321
1086739200;1.223
1086825600;1.2073
1086912000;1.2004
1087171200;1.197
1087257600;1.2037
1087344000;1.2105
1087430400;1.2025
1087516800;1.2014
1087776000;1.2101
1087862400;1.209
1087948800;1.2128
1088035200;1.2117
1088121600;1.2132
1088380800;1.2165
1088467200;1.2159
1088553600;1.2156
1088640000;1.2145
1088726400;1.2155
1088985600;1.2294
1089072000;1.2292
1089158400;1.2365
1089244800;1.2359
1089331200;1.239
1089590400;1.2422
1089676800;1.2377
1089763200;1.2367
1089849600;1.2347
1089936000;1.237
1090195200;1.2429
1090281600;1.2439
1090368000;1.2338
1090454400;1.2248
1090540800;1.2225
1090800000;1.2168
1090886400;1.217
1090972800;1.2013
1091059200;1.2025
1091145600;1.2058
1091404800;1.2085
1091491200;1.2021
1091577600;1.2013
1091664000;1.2062
1091750400;1.2063
1092009600;1.2268
1092096000;1.2273
1092182400;1.2215
1092268800;1.2271
1092355200;1.2191
1092614400;1.2354
1092700800;1.2345
1092787200;1.2331
1092873600;1.2357
1092960000;1.2359
1093219200;1.2269
1093305600;1.2162
1093392000;1.2104
1093478400;1.2072
1093564800;1.2087
1093824000;1.2037
1093910400;1.2114
1093996800;1.2167
1094083200;1.2187
1094169600;1.2176
1094428800;1.2058
1094515200;1.2102
1094601600;1.2085
1094688000;1.2186
1094774400;1.223
1095033600;1.2256
1095120000;1.2258
1095206400;1.2253
1095292800;1.2153
1095379200;1.2205
1095638400;1.2159
1095724800;1.2206
1095811200;1.23
1095897600;1.2298
1095984000;1.2276
1096243200;1.2265
1096329600;1.2298
1096416000;1.2323
1096502400;1.2338
1096588800;1.2418
1096848000;1.2369
1096934400;1.2284
1097020800;1.2279
1097107200;1.228
1097193600;1.2338
1097452800;1.2406
1097539200;1.2317
1097625600;1.2319
1097712000;1.2361
1097798400;1.2393
1098057600;1.2481
1098144000;1.2489
1098230400;1.259
1098316800;1.2629
1098403200;1.2625
1098662400;1.2798
1098748800;1.2801
1098835200;1.2759
1098921600;1.2723
1099008000;1.2757
1099267200;1.2746
1099353600;1.2706
1099440000;1.271
1099526400;1.2818
1099612800;1.2854
1099872000;1.2954
1099958400;1.2916
1100044800;1.2922
1100131200;1.2885
1100217600;1.2925
1100476800;1.2959
1100563200;1.2977
1100649600;1.303
1100736000;1.3053
1100822400;1.2995
1101081600;1.3033
1101168000;1.2991
1101254400;1.3155
1101340800;1.319
1101427200;1.3222
1101686400;1.3258
1101772800;1.3301
1101859200;1.3295
1101945600;1.3343
1102032000;1.328
1102291200;1.3442
1102377600;1.3446
1102464000;1.333
1102550400;1.3293
1102636800;1.3211
1102896000;1.3297
1102982400;1.3313
1103068800;1.332
1103155200;1.3417
1103241600;1.3292
1103500800;1.3371
1103587200;1.3388
1103673600;1.3391
1103760000;1.3453
1103846400;1.3453
1104105600;1.3537
1104192000;1.3637
1104278400;1.3624
1104364800;1.3623
1104451200;1.3623
1104710400;1.3537
1104796800;1.3377
1104883200;1.3256
1104969600;1.3177
1105056000;1.3238
1105315200;1.3104
1105401600;1.3144
1105488000;1.3091
1105574400;1.3232
1105660800;1.3114
1105920000;1.3104
1106006400;1.3026
1106092800;1.3093
1106179200;1.2984
1106265600;1.2998
1106524800;1.3085
1106611200;1.3066
1106697600;1.3018
1106784000;1.3069
1106870400;1.3042
1107129600;1.3033
1107216000;1.304
1107302400;1.3073
1107388800;1.3018
1107475200;1.2967
1107734400;1.2843
1107820800;1.2761
1107907200;1.279
1107993600;1.2794
1108080000;1.2864
1108339200;1.2933
1108425600;1.2992
1108512000;1.3014
1108598400;1.3057
1108684800;1.3061
1108944000;1.3064
1109030400;1.3184
1109116800;1.3217
1109203200;1.3254
1109289600;1.3198
1109548800;1.3254
1109635200;1.3205
1109721600;1.3106
1109808000;1.3153
1109894400;1.3127
1110153600;1.3231
1110240000;1.324
1110326400;1.3373
1110412800;1.3426
1110499200;1.3414
1110758400;1.3405
1110844800;1.3361
1110931200;1.3357
1111017600;1.3395
1111104000;1.332
1111363200;1.3228
1111449600;1.3175
1111536000;1.3021
1111622400;1.3
1111708800;1.3
1111968000;1.3
1112054400;1.2934
1112140800;1.2968
1112227200;1.2962
1112313600;1.2974
1112572800;1.2889
1112659200;1.2819
1112745600;1.2891
1112832000;1.2915
1112918400;1.2826
1113177600;1.2963
1113264000;1.2992
1113350400;1.2942
1113436800;1.287
1113523200;1.2847
1113782400;1.2979
1113868800;1.2991
1113955200;1.3037
1114041600;1.3092
1114128000;1.3057
1114387200;1.2979
1114473600;1.298
1114560000;1.2919
1114646400;1.2924
1114732800;1.2958
1114992000;1.2865
1115078400;1.2862
1115164800;1.2945
1115251200;1.2966
1115337600;1.2951
1115596800;1.2821
1115683200;1.2845
1115769600;1.2887
1115856000;1.2768
1115942400;1.2661
1116201600;1.2608
1116288000;1.2659
1116374400;1.2621
1116460800;1.2657
1116547200;1.2639
1116806400;1.2545
1116892800;1.2586
1116979200;1.2584
1117065600;1.2561
1117152000;1.2539
1117411200;1.2527
1117497600;1.2322
1117584000;1.2284
1117670400;1.2283
1117756800;1.2276
1118016000;1.2278
1118102400;1.2308
1118188800;1.2313
1118275200;1.2228
1118361600;1.2224
1118620800;1.2063
1118707200;1.2131
1118793600;1.2045
1118880000;1.2097
1118966400;1.2136
1119225600;1.2216
1119312000;1.2087
1119398400;1.2188
1119484800;1.2088
1119571200;1.2058
1119830400;1.2163
1119916800;1.2107
1120003200;1.2048
1120089600;1.2051
1120176000;1.2053
1120435200;1.1922
1120521600;1.1934
1120608000;1.1927
1120694400;1.1953
1120780800;1.1906
1121040000;1.2019
1121126400;1.2185
1121212800;1.2188
1121299200;1.208
1121385600;1.2108
1121644800;1.2072
1121731200;1.1992
1121817600;1.2068
1121904000;1.2163
1121990400;1.2174
1122249600;1.2067
1122336000;1.2011
1122422400;1.2002
1122508800;1.2065
1122595200;1.2089
1122854400;1.2221
1122940800;1.2223
1123027200;1.2308
1123113600;1.2316
1123200000;1.2377
1123459200;1.2378
1123545600;1.2374
1123632000;1.2398
1123718400;1.2408
1123804800;1.2466
1124064000;1.2389
1124150400;1.2337
1124236800;1.2288
1124323200;1.2271
1124409600;1.2149
1124668800;1.2184
1124755200;1.2239
1124841600;1.2186
1124928000;1.2303
1125014400;1.2315
1125273600;1.2312
1125360000;1.2213
1125446400;1.2195
1125532800;1.2372
1125619200;1.2579
1125878400;1.2557
1125964800;1.2463
1126051200;1.2483
1126137600;1.2423
1126224000;1.2412
1126483200;1.2331
1126569600;1.228
1126656000;1.2285
1126742400;1.2227
1126828800;1.2267
1127088000;1.2148
1127174400;1.2157
1127260800;1.2223
1127347200;1.2216
1127433600;1.2148
1127692800;1.2064
1127779200;1.2044
1127865600;1.2012
1127952000;1.2052
1128038400;1.2049
1128297600;1.2049
1128384000;1.1928
1128470400;1.1964
1128556800;1.2048
1128643200;1.2162
1128902400;1.2138
1128988800;1.2039
1129075200;1.1983
1129161600;1.1982
1129248000;1.2017
1129507200;1.2035
1129593600;1.1971
1129680000;1.1913
1129766400;1.1977
1129852800;1.2046
1130112000;1.1942
1130198400;1.2042
1130284800;1.2075
1130371200;1.2119
1130457600;1.2159
1130716800;1.2042
1130803200;1.2008
1130889600;1.2016
1130976000;1.2058
1131062400;1.1947
1131321600;1.1821
1131408000;1.1738
1131494400;1.1763
1131580800;1.1779
1131667200;1.1698
1131926400;1.1752
1132012800;1.1705
1132099200;1.1727
1132185600;1.168
1132272000;1.1676
1132531200;1.1821
1132617600;1.1694
1132704000;1.1796
1132790400;1.1783
1132876800;1.1756
1133136000;1.1695
1133222400;1.1816
1133308800;1.1773
1133395200;1.1785
1133481600;1.1711
1133740800;1.1702
1133827200;1.1775
1133913600;1.1726
1134000000;1.1766
1134086400;1.1777
1134345600;1.1876
1134432000;1.1922
1134518400;1.2029
1134604800;1.2033
1134691200;1.2007
1134950400;1.2016
1135036800;1.1978
1135123200;1.189
1135209600;1.1831
1135296000;1.1876
1135555200;1.1876
1135641600;1.1871
1135728000;1.1909
1135814400;1.1849
1135900800;1.1834
1136160000;1.1848
1136246400;1.1888
1136332800;1.2064
1136419200;1.21
1136505600;1.209
1136764800;1.2094
1136851200;1.2094
1136937600;1.2051
1137024000;1.2146
1137110400;1.2072
1137369600;1.2154
1137456000;1.2107
1137542400;1.2118
1137628800;1.2084
1137715200;1.2079
1137974400;1.2264
1138060800;1.2273
1138147200;1.2313
1138233600;1.2255
1138320000;1.2211
1138579200;1.2101
1138665600;1.2108
1138752000;1.2122
1138838400;1.2067
1138924800;1.2074
1139184000;1.1988
1139270400;1.2003
1139356800;1.1973
1139443200;1.1968
1139529600;1.1977
1139788800;1.1888
1139875200;1.1915
1139961600;1.1907
1140048000;1.1872
1140134400;1.1876
1140393600;1.1943
1140480000;1.1913
1140566400;1.19
1140652800;1.1937
1140739200;1.1896
1140998400;1.1848
1141084800;1.1877
1141171200;1.1942
1141257600;1.1938
1141344000;1.2018
1141603200;1.2053
1141689600;1.1928
1141776000;1.1923
1141862400;1.1928
1141948800;1.1919
1142208000;1.1932
1142294400;1.1972
1142380800;1.202
1142467200;1.2076
1142553600;1.2181
1142812800;1.2184
1142899200;1.2144
1142985600;1.2082
1143072000;1.2065
1143158400;1.1969
1143417600;1.2037
1143504000;1.2066
1143590400;1.2003
1143676800;1.2062
1143763200;1.2096
1144022400;1.2065
1144108800;1.2157
1144195200;1.2272
1144281600;1.2319
1144368000;1.219
1144627200;1.2122
1144713600;1.2137
1144800000;1.2154
1144886400;1.2116
1144972800;1.2116
1145232000;1.2116
1145318400;1.2235
1145404800;1.2352
1145491200;1.235
1145577600;1.2327
1145836800;1.2394
1145923200;1.2393
1146009600;1.2399
1146096000;1.2439
1146182400;1.255
1146441600;1.255
1146528000;1.263
1146614400;1.2645
1146700800;1.2587
1146787200;1.2688
1147046400;1.2768
1147132800;1.2698
1147219200;1.2784
1147305600;1.2707
1147392000;1.2897
1147651200;1.285
1147737600;1.2794
1147824000;1.2893
1147910400;1.279
1147996800;1.2777
1148256000;1.2763
1148342400;1.2849
1148428800;1.2852
1148515200;1.2786
1148601600;1.2813
1148860800;1.2753
1148947200;1.2847
1149033600;1.2882
1149120000;1.2786
1149206400;1.2814
1149465600;1.2973
1149552000;1.2899
1149638400;1.2812
1149724800;1.2771
1149811200;1.2647
1150070400;1.2617
1150156800;1.2586
1150243200;1.2585
1150329600;1.2615
1150416000;1.2668
1150675200;1.2592
1150761600;1.2571
1150848000;1.2626
1150934400;1.2638
1151020800;1.2557
1151280000;1.2564
1151366400;1.2589
1151452800;1.257
1151539200;1.2541
1151625600;1.271
1151884800;1.2774
1151971200;1.2816
1152057600;1.2767
1152144000;1.2732
1152230400;1.2774
1152489600;1.2805
1152576000;1.2742
1152662400;1.2748
1152748800;1.2721
1152835200;1.2679
1153094400;1.2564
1153180800;1.2502
1153267200;1.2495
1153353600;1.2606
1153440000;1.2664
1153699200;1.2623
1153785600;1.2639
1153872000;1.2589
1153958400;1.2728
1154044800;1.2689
1154304000;1.2752
1154390400;1.2741
1154476800;1.2798
1154563200;1.2764
1154649600;1.2784
1154908800;1.2876
1154995200;1.2843
1155081600;1.2865
1155168000;1.2867
1155254400;1.2788
1155513600;1.2718
1155600000;1.272
1155686400;1.2793
1155772800;1.2869
1155859200;1.2836
1156118400;1.2899
1156204800;1.2835
1156291200;1.2817
1156377600;1.2834
1156464000;1.2769
1156723200;1.2812
1156809600;1.2817
1156896000;1.2832
1156982400;1.2859
1157068800;1.2822
1157328000;1.2846
1157414400;1.2833
1157500800;1.2818
1157587200;1.2782
1157673600;1.272
1157932800;1.2713
1158019200;1.2713
1158105600;1.269
1158192000;1.2687
1158278400;1.271
1158537600;1.2667
1158624000;1.2662
1158710400;1.2678
1158796800;1.2723
1158883200;1.2828
1159142400;1.2771
1159228800;1.2714
1159315200;1.2694
1159401600;1.2718
1159488000;1.2669
1159747200;1.269
1159833600;1.2738
1159920000;1.2693
1160006400;1.2704
1160092800;1.2678
1160352000;1.2599
1160438400;1.2568
1160524800;1.2544
1160611200;1.2556
1160697600;1.2557
1160956800;1.2514
1161043200;1.2538
1161129600;1.2537
1161216000;1.2565
1161302400;1.2634
1161561600;1.2576
1161648000;1.2546
1161734400;1.257
1161820800;1.2658
1161907200;1.2677
1162166400;1.2721
1162252800;1.2695
1162339200;1.275
1162425600;1.2766
1162512000;1.2777
1162771200;1.2705
1162857600;1.2763
1162944000;1.28
1163030400;1.2777
1163116800;1.2886
1163376000;1.2845
1163462400;1.2837
1163548800;1.2815
1163635200;1.2812
1163721600;1.2775
1163980800;1.2848
1164067200;1.2821
1164153600;1.2867
1164240000;1.2971
1164326400;1.3066
1164585600;1.3123
1164672000;1.315
1164758400;1.3166
1164844800;1.319
1164931200;1.3266
1165190400;1.3296
1165276800;1.3298
1165363200;1.3276
1165449600;1.3306
1165536000;1.3287
1165795200;1.3183
1165881600;1.3255
1165968000;1.3269
1166054400;1.3225
1166140800;1.3107
1166400000;1.3101
1166486400;1.3162
1166572800;1.3222
1166659200;1.3193
1166745600;1.3208
1167004800;1.3208
1167091200;1.3208
1167177600;1.3152
1167264000;1.3143
1167350400;1.3181
1167609600;1.3181
1167696000;1.3285
1167782400;1.3256
1167868800;1.3116
1167955200;1.3096
1168214400;1.3009
1168300800;1.3032
1168387200;1.2992
1168473600;1.2956
1168560000;1.2909
1168819200;1.2944
1168905600;1.2965
1168992000;1.2927
1169078400;1.2952
1169164800;1.297
1169424000;1.2954
1169510400;1.2985
1169596800;1.3012
1169683200;1.2977
1169769600;1.2925
1170028800;1.2918
1170115200;1.2957
1170201600;1.2936
1170288000;1.301
1170374400;1.3019
1170633600;1.2943
1170720000;1.2941
1170806400;1.2997
1170892800;1.2988
1170979200;1.3003
1171238400;1.2988
1171324800;1.2996
1171411200;1.3096
1171497600;1.3128
1171584000;1.3128
1171843200;1.3148
1171929600;1.3152
1172016000;1.3142
1172102400;1.3082
1172188800;1.3112
1172448000;1.3165
1172534400;1.3208
1172620800;1.3192
1172707200;1.3216
1172793600;1.3152
1173052800;1.3136
1173139200;1.3105
1173225600;1.3122
1173312000;1.3153
1173398400;1.3149
1173657600;1.3172
1173744000;1.3171
1173830400;1.3192
1173916800;1.3209
1174003200;1.3323
1174262400;1.329
1174348800;1.3285
1174435200;1.3298
1174521600;1.3355
1174608000;1.3315
1174867200;1.3263
1174953600;1.3346
1175040000;1.3333
1175126400;1.3338
1175212800;1.3303
1175472000;1.3353
1175558400;1.336
1175644800;1.3352
1175731200;1.3364
1175817600;1.3364
1176076800;1.3364
1176163200;1.341
1176249600;1.343
1176336000;1.3449
1176422400;1.3521
1176681600;1.3553
1176768000;1.3542
1176854400;1.3611
1176940800;1.3589
1177027200;1.3604
1177286400;1.3562
1177372800;1.3565
1177459200;1.3643
1177545600;1.3643
1177632000;1.3612
1177891200;1.3615
1177977600;1.3615
1178064000;1.3579
1178150400;1.3607
1178236800;1.3566
1178496000;1.3606
1178582400;1.3574
1178668800;1.3544
1178755200;1.3545
1178841600;1.3477
1179100800;1.3539
1179187200;1.354
1179273600;1.3599
1179360000;1.3529
1179446400;1.3493
1179705600;1.3505
1179792000;1.3467
1179878400;1.3426
1179964800;1.3434
1180051200;1.3435
1180310400;1.3435
1180396800;1.3471
1180483200;1.3444
1180569600;1.344
1180656000;1.3438
1180915200;1.3447
1181001600;1.351
1181088000;1.3523
1181174400;1.3499
1181260800;1.3395
1181520000;1.3346
1181606400;1.3344
1181692800;1.3271
1181779200;1.3303
1181865600;1.3315
1182124800;1.3398
1182211200;1.3393
1182297600;1.3425
1182384000;1.3386
1182470400;1.3422
1182729600;1.3454
1182816000;1.3449
1182902400;1.343
1182988800;1.3455
1183075200;1.3499
1183334400;1.3574
1183420800;1.3604
1183507200;1.3615
1183593600;1.3645
1183680000;1.3596
1183939200;1.3635
1184025600;1.3647
1184112000;1.3739
1184198400;1.3783
1184284800;1.3784
1184544000;1.3786
1184630400;1.378
1184716800;1.3786
1184803200;1.3818
1184889600;1.3799
1185148800;1.3818
1185235200;1.3816
1185321600;1.3734
1185408000;1.3719
1185494400;1.367
1185753600;1.3668
1185840000;1.3699
1185926400;1.3646
1186012800;1.3672
1186099200;1.3696
1186358400;1.3824
1186444800;1.379
1186531200;1.3747
1186617600;1.3777
1186704000;1.3697
1186963200;1.3656
1187049600;1.3582
1187136000;1.3497
1187222400;1.3425
1187308800;1.3437
1187568000;1.3492
1187654400;1.3473
1187740800;1.3489
1187827200;1.355
1187913600;1.3595
1188172800;1.3657
1188259200;1.3645
1188345600;1.3593
1188432000;1.3636
1188518400;1.3666
1188777600;1.3647
1188864000;1.3593
1188950400;1.3596
1189036800;1.366
1189123200;1.3688
1189382400;1.3783
1189468800;1.3795
1189555200;1.386
1189641600;1.392
1189728000;1.3876
1189987200;1.3865
1190073600;1.3869
1190160000;1.3973
1190246400;1.4047
1190332800;1.4074
1190592000;1.4106
1190678400;1.4087
1190764800;1.4114
1190851200;1.4141
1190937600;1.4187
1191196800;1.4234
1191283200;1.4201
1191369600;1.4175
1191456000;1.4114
1191542400;1.4116
1191801600;1.4089
1191888000;1.4038
1191974400;1.4135
1192060800;1.421
1192147200;1.4189
1192406400;1.4228
1192492800;1.4173
1192579200;1.4186
1192665600;1.4253
1192752000;1.4282
1193011200;1.4306
1193097600;1.4211
1193184000;1.4224
1193270400;1.4279
1193356800;1.4369
1193616000;1.4417
1193702400;1.4394
1193788800;1.4459
1193875200;1.4434
1193961600;1.4479
1194220800;1.4473
1194307200;1.4529
1194393600;1.4676
1194480000;1.4668
1194566400;1.4716
1194825600;1.46
1194912000;1.4585
1194998400;1.4685
1195084800;1.4685
1195171200;1.4614
1195430400;1.4628
1195516800;1.4788
1195603200;1.4787
1195689600;1.4829
1195776000;1.4823
1196035200;1.4875
1196121600;1.4845
1196208000;1.4751
1196294400;1.4755
1196380800;1.4766
1196640000;1.4647
1196726400;1.4664
1196812800;1.4715
1196899200;1.4565
1196985600;1.4626
1197244800;1.4674
1197331200;1.471
1197417600;1.4694
1197504000;1.4702
1197590400;1.4544
1197849600;1.4356
1197936000;1.4385
1198022400;1.4396
1198108800;1.4362
1198195200;1.436
1198713600;1.4495
1198800000;1.4676
1199232000;1.4652
1199318400;1.4705
1199404800;1.4708
1199664000;1.4692
1199750400;1.4718
1199836800;1.4711
1199923200;1.4692
1200009600;1.4785
1200268800;1.4895
1200355200;1.4847
1200441600;1.4811
1200528000;1.4619
1200614400;1.4618
1200873600;1.4499
1200960000;1.4471
1201046400;1.4593
1201132800;1.4617
1201219200;1.4725
1201478400;1.4697
1201564800;1.4767
1201651200;1.4783
1201737600;1.4876
1201824000;1.4877
1202083200;1.4809
1202169600;1.4717
1202256000;1.4616
1202342400;1.4639
1202428800;1.4485
1202688000;1.4536
1202774400;1.452
1202860800;1.4558
1202947200;1.4605
1203033600;1.4675
1203292800;1.4635
1203379200;1.4717
1203465600;1.4723
1203552000;1.4745
1203638400;1.4828
1203897600;1.4811
1203984000;1.4849
1204070400;1.5051
1204156800;1.5109
1204243200;1.519
1204502400;1.5171
1204588800;1.5195
1204675200;1.5179
1204761600;1.533
1204848000;1.5397
1205107200;1.5379
1205193600;1.5427
1205280000;1.5399
1205366400;1.5586
1205452800;1.5586
1205712000;1.5759
1205798400;1.5782
1205884800;1.5755
1205971200;1.5463
1206403200;1.5544
1206489600;1.5725
1206576000;1.5779
1206662400;1.5802
1206921600;1.581
1207008000;1.5677
1207094400;1.5642
1207180800;1.5605
1207267200;1.5706
1207526400;1.569
1207612800;1.5757
1207699200;1.5732
1207785600;1.5868
1207872000;1.5833
1208131200;1.5787
1208217600;1.5823
1208304000;1.5851
1208390400;1.5951
1208476800;1.5945
1208736000;1.5866
1208822400;1.5941
1208908800;1.5967
1208995200;1.5748
1209081600;1.5589
1209340800;1.5666
1209427200;1.5582
1209513600;1.5545
1209686400;1.5479
1209945600;1.5494
1210032000;1.5497
1210118400;1.5467
1210204800;1.5333
1210291200;1.547
1210550400;1.5431
1210636800;1.5481
1210723200;1.5419
1210809600;1.5519
1210896000;1.5501
1211155200;1.5617
1211241600;1.5567
1211328000;1.5731
1211414400;1.5752
1211500800;1.573
1211760000;1.5743
1211846400;1.5768
1211932800;1.572
1212019200;1.5715
1212105600;1.55
1212364800;1.5564
1212451200;1.5626
1212537600;1.5457
1212624000;1.5431
1212710400;1.5599
1212969600;1.5817
1213056000;1.5511
1213142400;1.5489
1213228800;1.5445
1213315200;1.5401
1213574400;1.5427
1213660800;1.5501
1213747200;1.5489
1213833600;1.5501
1213920000;1.5567
1214179200;1.5524
1214265600;1.5484
1214352000;1.5585
1214438400;1.5674
1214524800;1.577
1214784000;1.579
1214870400;1.5755
1214956800;1.5816
1215043200;1.588
1215129600;1.5691
1215388800;1.5646
1215475200;1.5726
1215561600;1.5673
1215648000;1.5702
1215734400;1.578
1215993600;1.5869
1216080000;1.5955
1216166400;1.5927
1216252800;1.5864
1216339200;1.5861
1216598400;1.5882
1216684800;1.5926
1216771200;1.5729
1216857600;1.5672
1216944000;1.5723
1217203200;1.5733
1217289600;1.5737
1217376000;1.561
1217462400;1.5612
1217548800;1.5565
1217808000;1.5585
1217894400;1.5499
1217980800;1.5475
1218067200;1.5477
1218153600;1.5165
1218412800;1.5077
1218499200;1.4946
1218585600;1.4915
1218672000;1.4905
1218758400;1.4717
1219017600;1.4736
1219104000;1.4667
1219190400;1.4752
1219276800;1.4784
1219363200;1.4837
1219622400;1.4741
1219708800;1.4607
1219795200;1.4717
1219881600;1.4757
1219968000;1.472
1220227200;1.4641
1220313600;1.4511
1220400000;1.4412
1220486400;1.4518
1220572800;1.4243
1220832000;1.4275
1220918400;1.4147
1221004800;1.4164
1221091200;1.3916
1221177600;1.4124
1221436800;1.4264
1221523200;1.4256
1221609600;1.4215
1221696000;1.44
1221782400;1.419
1222041600;1.4568
1222128000;1.4703
1222214400;1.4686
1222300800;1.4706
1222387200;1.458
1222646400;1.4355
1222732800;1.434
1222819200;1.4142
1222905600;1.3902
1222992000;1.3856
1223251200;1.3576
1223337600;1.3559
1223424000;1.3622
1223510400;1.376
1223596800;1.3617
1223856000;1.3634
1223942400;1.3643
1224028800;1.3583
1224115200;1.3459
1224201600;1.3454
1224460800;1.3485
1224547200;1.322
1224633600;1.292
1224720000;1.2824
1224806400;1.2534
1225065600;1.241
1225152000;1.2488
1225238400;1.2756
1225324800;1.3064
1225411200;1.2725
1225670400;1.2833
1225756800;1.2698
1225843200;1.2842
1225929600;1.2918
1226016000;1.2828
1226275200;1.2866
1226361600;1.2744
1226448000;1.2534
1226534400;1.2481
1226620800;1.2676
1226880000;1.2664
1226966400;1.2603
1227052800;1.2606
1227139200;1.252
1227225600;1.2599
1227484800;1.2637
1227571200;1.2866
1227657600;1.298
1227744000;1.2941
1227830400;1.2791
1228089600;1.2869
1228176000;1.2636
1228262400;1.2626
1228348800;1.2602
1228435200;1.2782
1228694400;1.2886
1228780800;1.2866
1228867200;1.2934
1228953600;1.3124
1229040000;1.3359
1229299200;1.3466
1229385600;1.3663
1229472000;1.411
1229558400;1.4662
1229644800;1.4118
1229904000;1.4102
1229990400;1.3958
1230508800;1.4282
1230595200;1.4181
1230854400;1.3949
1231113600;1.367
1231200000;1.3441
1231286400;1.358
1231372800;1.3568
1231459200;1.3724
1231718400;1.3376
1231804800;1.3289
1231891200;1.3216
1231977600;1.3154
1232064000;1.324
1232323200;1.3272
1232409600;1.2952
1232496000;1.2932
1232582400;1.3044
1232668800;1.2793
1232928000;1.294
1233014400;1.3266
1233100800;1.3283
1233187200;1.3064
1233273600;1.28
1233532800;1.2735
1233619200;1.282
1233705600;1.2949
1233792000;1.2868
1233878400;1.2815
1234137600;1.2924
1234224000;1.2918
1234310400;1.2956
1234396800;1.286
1234483200;1.2898
1234742400;1.2783
1234828800;1.2638
1234915200;1.2575
1235001600;1.2663
1235088000;1.2612
1235347200;1.2866
1235433600;1.2788
1235520000;1.2818
1235606400;1.2768
1235692800;1.2652
1235952000;1.2614
1236038400;1.2628
1236124800;1.2513
1236211200;1.2568
1236297600;1.2666
1236556800;1.2619
1236643200;1.268
1236729600;1.2678
1236816000;1.2782
1236902400;1.2896
1237161600;1.2976
1237248000;1.2985
1237334400;1.3038
1237420800;1.3487
1237507200;1.3705
1237766400;1.3643
1237852800;1.3542
1237939200;1.3479
1238025600;1.3566
1238112000;1.3475
1238371200;1.3192
1238457600;1.33
1238544000;1.3202
1238630400;1.3278
1238716800;1.3472
1238976000;1.3537
1239062400;1.3336
1239148800;1.3201
1239235200;1.3302
1239667200;1.3285
1239753600;1.3251
1239840000;1.3168
1239926400;1.3077
1240185600;1.2963
1240272000;1.2989
1240358400;1.2927
1240444800;1.304
1240531200;1.3242
1240790400;1.3169
1240876800;1.3014
1240963200;1.3226
1241049600;1.3279
1241395200;1.3286
1241481600;1.3378
1241568000;1.3337
1241654400;1.3296
1241740800;1.341
1242000000;1.3605
1242086400;1.3646
1242172800;1.368
1242259200;1.3605
1242345600;1.3568
1242604800;1.3455
1242691200;1.3635
1242777600;1.3659
1242864000;1.3763
1242950400;1.3957
1243209600;1.3977
1243296000;1.3891
1243382400;1.3968
1243468800;1.3855
1243555200;1.41
1243814400;1.4224
1243900800;1.4118
1243987200;1.423
1244073600;1.4216
1244160000;1.4182
1244419200;1.387
1244505600;1.3933
1244592000;1.4138
1244678400;1.4034
1244764800;1.4062
1245024000;1.3879
1245110400;1.3883
1245196800;1.3874
1245283200;1.3927
1245369600;1.3894
1245628800;1.3867
1245715200;1.3933
1245801600;1.4096
1245888000;1.3977
1245974400;1.4046
1246233600;1.4002
1246320000;1.41
1246406400;1.4074
1246492800;1.4094
1246579200;1.3998
1246838400;1.3929
1246924800;1.3966
1247011200;1.3901
1247097600;1.3962
1247184000;1.3907
1247443200;1.3938
1247529600;1.3999
1247616000;1.4046
1247702400;1.4085
1247788800;1.4097
1248048000;1.4221
1248134400;1.4219
1248220800;1.4189
1248307200;1.4229
1248393600;1.421
1248652800;1.4245
1248739200;1.4272
1248825600;1.4154
1248912000;1.4061
1248998400;1.4179
1249257600;1.4275
1249344000;1.4396
1249430400;1.4394
1249516800;1.4401
1249603200;1.4361
1249862400;1.4194
1249948800;1.4173
1250035200;1.4114
1250121600;1.4261
1250208000;1.4284
1250467200;1.4121
1250553600;1.4141
1250640000;1.4102
1250726400;1.4232
1250812800;1.43
1251072000;1.4303
1251158400;1.428
1251244800;1.4318
1251331200;1.4245
1251417600;1.4358
1251676800;1.43
1251763200;1.435
1251849600;1.4231
1251936000;1.4302
1252022400;1.4283
1252281600;1.434
1252368000;1.4427
1252454400;1.4494
1252540800;1.4553
1252627200;1.4585
1252886400;1.4547
1252972800;1.4585
1253059200;1.4703
1253145600;1.4735
1253232000;1.4682
1253491200;1.4659
1253577600;1.4786
1253664000;1.4796
1253750400;1.4759
1253836800;1.4686
1254096000;1.4627
1254182400;1.4593
1254268800;1.46
1254355200;1.4579
1254441600;1.4552
1254700800;1.462
1254787200;1.4726
1254873600;1.4728
1254960000;1.4772
1255046400;1.4724
1255305600;1.4727
1255392000;1.4771
1255478400;1.4899
1255564800;1.4946
1255651200;1.4895
1255910400;1.4935
1255996800;1.4962
1256083200;1.495
1256169600;1.4963
1256256000;1.503
1256515200;1.5036
1256601600;1.4889
1256688000;1.4779
1256774400;1.4755
1256860800;1.4755
1257120000;1.477
1257206400;1.4678
1257292800;1.4758
1257379200;1.4842
1257465600;1.4893
1257724800;1.4985
1257811200;1.4998
1257897600;1.5033
1257984000;1.4939
1258070400;1.4887
1258329600;1.4971
1258416000;1.4943
1258502400;1.496
1258588800;1.4864
1258675200;1.4877
1258934400;1.4974
1259020800;1.4941
1259107200;1.5139
1259193600;1.5125
1259280000;1.4968
1259366400;1.4968
1259452800;1.4968
1259539200;1.5009
1259625600;1.5035
1259712000;1.5047
1259798400;1.5061
1259884800;1.4848
1259971200;1.4848
1260057600;1.4848
1260144000;1.4826
1260230400;1.4702
1260316800;1.4729
1260403200;1.4732
1260489600;1.463
1260576000;1.463
1260662400;1.463
1260748800;1.4657
1260835200;1.4651
1260921600;1.4538
1261008000;1.4341
1261094400;1.4336
1261180800;1.4336
1261267200;1.4336
1261353600;1.4286
1261440000;1.4253
1261526400;1.4335
1261612800;1.4366
1261699200;1.4366
1261785600;1.4366
1261872000;1.4366
1261958400;1.4379
1262044800;1.4346
1262131200;1.434
1262217600;1.4334
1262304000;1.4334
1262390400;1.4334
1262476800;1.4334
1262563200;1.4411
1262649600;1.4368
1262736000;1.4413
1262822400;1.4318
1262908800;1.4417
1262995200;1.4417
1263081600;1.4417
1263168000;1.4514
1263254400;1.4493
1263340800;1.4513
1263427200;1.4502
1263513600;1.438
1263600000;1.438
1263686400;1.4343
1263772800;1.4382
1263859200;1.4303
1263945600;1.4104
1264032000;1.4089
1264118400;1.4155
1264204800;1.4155
1264291200;1.4155
1264377600;1.4153
1264464000;1.4077
1264550400;1.4021
1264636800;1.397
1264723200;1.3866
1264809600;1.3866
1264896000;1.3865
1264982400;1.3935
1265068800;1.3961
1265155200;1.3899
1265241600;1.3738
1265328000;1.3665
1265414400;1.3665
1265500800;1.3665
1265587200;1.3658
1265673600;1.379
1265760000;1.3729
1265846400;1.3694
1265932800;1.3619
1266019200;1.3619
1266105600;1.3619
1266192000;1.3602
1266278400;1.3769
1266364800;1.3597
1266451200;1.356
1266537600;1.3595
1266624000;1.3595
1266710400;1.3632
1266796800;1.363
1266883200;1.3601
1266969600;1.3537
1267056000;1.3542
1267142400;1.3616
1267228800;1.3616
1267315200;1.3616
1267401600;1.3561
1267488000;1.3605
1267574400;1.3698
1267660800;1.358
1267747200;1.3621
1267833600;1.3621
1268006400;1.3628
1268092800;1.3601
1268179200;1.3654
1268265600;1.3654
1268352000;1.3762
1268524800;1.3778
1268611200;1.3675
1268697600;1.378
1268784000;1.3738
1268870400;1.3601
1268956800;1.3536
1269129600;1.352
1269216000;1.3559
1269302400;1.3498
1269388800;1.3316
1269475200;1.3278
1269561600;1.3423
1269648000;1.3423
1269820800;1.3422
1269907200;1.3414
1269993600;1.3511
1270080000;1.3586
1270166400;1.349
1270252800;1.349
1270339200;1.3499
1270425600;1.3483
1270512000;1.3399
1270598400;1.3349
1270684800;1.3352
1270771200;1.3496
1270857600;1.3496
1270944000;1.3631
1271030400;1.3588
1271116800;1.3601
1271203200;1.3655
1271289600;1.3561
1271376000;1.3508
1271462400;1.3508
1271548800;1.3475
1271635200;1.3484
1271721600;1.3433
1271808000;1.3394
1271894400;1.3299
1271980800;1.3374
1272067200;1.3374
1272153600;1.3327
1272240000;1.3383
1272326400;1.3182
1272412800;1.322
1272499200;1.3232
1272585600;1.3316
1272672000;1.3316
1272758400;1.3316
1272844800;1.3191
1272931200;1.2992
1273017600;1.2824
1273104000;1.2615
1273190400;1.2731
1273276800;1.273
1273363200;1.2885
1273449600;1.2786
1273536000;1.2676
1273622400;1.2621
1273708800;1.2527
1273795200;1.2382
1273881600;1.2382
1273968000;1.2382
1274054400;1.2397
1274140800;1.2216
1274227200;1.2407
1274313600;1.2486
1274400000;1.257
1274486400;1.257
1274572800;1.257
1274659200;1.2361
1274745600;1.2342
1274832000;1.2172
1274918400;1.2355
1275004800;1.2268
1275177600;1.2268
1275264000;1.2299
1275350400;1.2244
1275436800;1.2245
1275523200;1.2157
1275609600;1.1968
1275696000;1.1968
1275782400;1.1968
1275868800;1.1917
1275955200;1.1952
1276041600;1.1989
1276128000;1.2118
1276214400;1.2097
1276300800;1.2097
1276387200;1.2127
1276473600;1.2229
1276560000;1.2341
1276646400;1.231
1276732800;1.2382
1276819200;1.2377
1276905600;1.2377
1276992000;1.2439
1277078400;1.2321
1277164800;1.227
1277251200;1.2311
1277337600;1.233
1277424000;1.2392
1277510400;1.2392
1277683200;1.2368
1277769600;1.2193
1277856000;1.2231
1277942400;1.252
1278028800;1.255
1278115200;1.255
1278288000;1.2552
1278374400;1.2624
1278460800;1.2644
1278547200;1.2698
1278633600;1.2642
1278720000;1.2642
1278806400;1.2634
1278892800;1.2595
1278979200;1.2735
1279065600;1.2738
1279152000;1.2944
1279238400;1.2929
1279324800;1.2929
1279497600;1.2907
1279584000;1.2883
1279670400;1.277
1279756800;1.2893
1279843200;1.2913
1279929600;1.2913
1280016000;1.2891
1280102400;1.2992
1280188800;1.2996
1280275200;1.2996
1280361600;1.3078
1280448000;1.3037
1280534400;1.3037
1280620800;1.3037
1280707200;1.3179
1280793600;1.3231
1280880000;1.3159
1280966400;1.3186
1281052800;1.3291
1281139200;1.3291
1281312000;1.3296
1281398400;1.3181
1281484800;1.2871
1281571200;1.2823
1281657600;1.2752
1281744000;1.2752
1281830400;1.2766
1281916800;1.2823
1282003200;1.288
1282089600;1.2849
1282176000;1.2822
1282262400;1.2707
1282348800;1.2707
1282435200;1.2704
1282521600;1.2663
1282608000;1.267
1282694400;1.2653
1282780800;1.2718
1282867200;1.2733
1282953600;1.2733
1283040000;1.2733
1283126400;1.2661
1283212800;1.2674
1283299200;1.2809
1283385600;1.2826
1283472000;1.2895
1283558400;1.2895
1283644800;1.2895
1283731200;1.2874
1283817600;1.2686
1283904000;1.2717
1283990400;1.2699
1284076800;1.2709
1284163200;1.2709
1284249600;1.2727
1284336000;1.2876
1284422400;1.2997
1284508800;1.3009
1284595200;1.3087
1284681600;1.3038
1284768000;1.3038
1284854400;1.3038
1284940800;1.3065
1285027200;1.3255
1285113600;1.3393
1285200000;1.3313
1285286400;1.3492
1285372800;1.3492
1285459200;1.3492
1285545600;1.3441
1285632000;1.359
1285718400;1.3631
1285804800;1.3642
1285891200;1.3778
1285977600;1.3778
1286064000;1.38
1286150400;1.3686
1286236800;1.3832
1286323200;1.3929
1286409600;1.3923
1286496000;1.3926
1286582400;1.3926
1286668800;1.3991
1286755200;1.3879
1286841600;1.3925
1286928000;1.3958
1287014400;1.4081
1287100800;1.3973
1287273600;1.3984
1287360000;1.3958
1287446400;1.3731
1287532800;1.3954
1287619200;1.3918
1287705600;1.3929
1287792000;1.3929
1287878400;1.3972
1287964800;1.3962
1288051200;1.3855
1288137600;1.3766
1288224000;1.3929
1288310400;1.3918
1288396800;1.3918
1288483200;1.3965
1288569600;1.3896
1288656000;1.4038
1288742400;1.4132
1288828800;1.4211
1288915200;1.4033
1289001600;1.4033
1289088000;1.4048
1289174400;1.3917
1289260800;1.3779
1289347200;1.3782
1289433600;1.3663
1289520000;1.3693
1289606400;1.3693
1289692800;1.37
1289779200;1.3582
1289865600;1.3491
1289952000;1.3522
1290038400;1.364
1290124800;1.3686
1290211200;1.3686
1290297600;1.3718
1290384000;1.3622
1290470400;1.3368
1290556800;1.3331
1290643200;1.3352
1290729600;1.3248
1290816000;1.3248
1290902400;1.3284
1290988800;1.3121
1291075200;1.2985
1291161600;1.3142
1291248000;1.3224
1291334400;1.3411
1291420800;1.3411
1291507200;1.3393
1291593600;1.3305
1291680000;1.3265
1291766400;1.3262
1291852800;1.3245
1291939200;1.3229
1292025600;1.3229
1292112000;1.3229
1292198400;1.3387
1292284800;1.3379
1292371200;1.3213
1292457600;1.3242
1292544000;1.3185
1292630400;1.3185
1292716800;1.3182
1292803200;1.3121
1292889600;1.3097
1292976000;1.3101
1293062400;1.3119
1293148800;1.3116
1293235200;1.3116
1293321600;1.3116
1293408000;1.3165
1293494400;1.3122
1293580800;1.3225
1293667200;1.3287
1293753600;1.3392
1293840000;1.3392
1293926400;1.3392
1294012800;1.3353
1294099200;1.3308
1294185600;1.3151
1294272000;1.3007
1294358400;1.2911
1294444800;1.2911
1294531200;1.2882
1294617600;1.2947
1294704000;1.2976
1294790400;1.3131
1294876800;1.3356
1294963200;1.3374
1295049600;1.3374
1295222400;1.3374
1295308800;1.3386
1295395200;1.3473
1295481600;1.3472
1295568000;1.3615
1295654400;1.3615
1295740800;1.3634
1295827200;1.3639
1295913600;1.369
1296000000;1.3699
1296086400;1.3728
1296172800;1.3609
1296259200;1.3609
1296345600;1.3595
1296432000;1.369
1296518400;1.3832
1296604800;1.3807
1296691200;1.3636
1296777600;1.3581
1296864000;1.3581
1297036800;1.3581
1297123200;1.3626
1297209600;1.3729
1297296000;1.36
1297382400;1.3548
1297468800;1.3548
1297555200;1.3509
1297641600;1.3486
1297728000;1.3487
1297814400;1.3564
1297900800;1.3607
1297987200;1.3686
1298073600;1.3686
1298160000;1.3701
1298246400;1.3681
1298332800;1.3655
1298419200;1.3746
1298505600;1.3803
1298592000;1.3751
1298678400;1.3751
1298764800;1.3751
1298851200;1.3801
1298937600;1.3777
1299024000;1.3865
1299110400;1.3965
1299196800;1.3985
1299283200;1.3985
1299369600;1.3995
1299456000;1.3971
1299542400;1.3902
1299628800;1.3906
1299715200;1.3792
1299801600;1.3904
1299888000;1.3904
1299974400;1.3953
1300060800;1.399
1300147200;1.4
1300233600;1.3913
1300320000;1.4022
1300406400;1.4173
1300492800;1.4173
1300579200;1.4183
1300665600;1.4227
1300752000;1.42
1300838400;1.408
1300924800;1.4175
1301011200;1.4074
1301097600;1.4074
1301184000;1.4039
1301270400;1.409
1301356800;1.4108
1301443200;1.413
1301529600;1.4162
1301616000;1.4228
1301702400;1.4228
1301875200;1.4228
1301961600;1.4225
1302048000;1.4331
1302134400;1.4306
1302220800;1.4474
1302307200;1.4486
1302393600;1.4486
1302480000;1.4426
1302566400;1.4476
1302652800;1.4436
1302739200;1.4491
1302825600;1.4424
1302912000;1.4424
1302998400;1.4414
1303084800;1.4235
1303171200;1.4335
1303257600;1.4523
1303344000;1.4551
1303430400;1.4547
1303516800;1.4547
1303603200;1.4547
1303689600;1.4577
1303776000;1.4637
1303862400;1.4786
1303948800;1.4823
1304035200;1.4815
1304121600;1.4815
1304208000;1.4817
1304294400;1.4822
1304380800;1.4827
1304467200;1.4827
1304553600;1.4535
1304640000;1.4351
1304726400;1.4351
1304899200;1.4351
1304985600;1.4408
1305072000;1.4199
1305158400;1.4245
1305244800;1.41
1305331200;1.41
1305417600;1.4085
1305504000;1.4172
1305590400;1.4236
1305676800;1.4236
1305763200;1.4307
1305849600;1.4157
1306108800;1.4053
1306195200;1.4102
1306281600;1.4087
1306368000;1.4135
1306454400;1.4283
1306540800;1.4283
1306713600;1.4283
1306800000;1.4392
1306886400;1.4332
1306972800;1.4357
1307059200;1.4636
1307145600;1.4636
1307318400;1.4636
1307404800;1.469
1307491200;1.4574
1307577600;1.4506
1307664000;1.4333
1307750400;1.4333
1307836800;1.4333
1307923200;1.4411
1308009600;1.4445
1308096000;1.4412
1308182400;1.4216
1308268800;1.4304
1308355200;1.4304
1308528000;1.4304
1308614400;1.4407
1308700800;1.4348
1308787200;1.4256
1308873600;1.418
1308960000;1.4187
1309046400;1.4199
1309132800;1.428
1309219200;1.4366
1309305600;1.4435
1309392000;1.4502
1309478400;1.4528
1309564800;1.4528
1309737600;1.4528
1309824000;1.4417
1309910400;1.4317
1309996800;1.4362
1310083200;1.4258
1310169600;1.4258
1310256000;1.4258
1310342400;1.403
1310428800;1.3979
1310515200;1.4154
1310601600;1.414
1310688000;1.4159
1310774400;1.4159
1310860800;1.4114
1310947200;1.4119
1311033600;1.4112
1311120000;1.4212
1311206400;1.4409
1311292800;1.4365
1311379200;1.4365
1311465600;1.4365
1311552000;1.4389
1311638400;1.4507
1311724800;1.4365
1311811200;1.4349
1311897600;1.4373
1311984000;1.4373
1312070400;1.4373
1312156800;1.4248
1312243200;1.4203
1312329600;1.432
1312416000;1.429
1312502400;1.4106
1312588800;1.4281
1312675200;1.4281
1312761600;1.4185
1312848000;1.4234
1312934400;1.4188
1313020800;1.4226
1313107200;1.425
1313193600;1.425
1313280000;1.425
1313366400;1.444
1313452800;1.4406
1313539200;1.4433
1313625600;1.4337
1313712000;1.4395
1313971200;1.436
1314057600;1.4439
1314144000;1.4415
1314230400;1.438
1314316800;1.4497
1314403200;1.4497
1314489600;1.4497
1314576000;1.4508
1314662400;1.4443
1314748800;1.4373
1314835200;1.4268
1314921600;1.4194
1315008000;1.4194
1315094400;1.416
1315180800;1.4093
1315267200;1.3989
1315353600;1.4099
1315440000;1.3882
1315526400;1.3663
1315612800;1.3663
1315699200;1.3594
1315785600;1.3657
1315872000;1.3684
1315958400;1.3748
1316044800;1.388
1316131200;1.3787
1316217600;1.3787
1316304000;1.3698
1316390400;1.3684
1316476800;1.3692
1316563200;1.3571
1316649600;1.3474
1316736000;1.3506
1316822400;1.3506
1316995200;1.3506
1317081600;1.3586
1317168000;1.3561
1317254400;1.3585
1317340800;1.3394
1317427200;1.3394
1317513600;1.3332
1317600000;1.3192
1317686400;1.3361
1317772800;1.3343
1317859200;1.3434
1317945600;1.3393
1318032000;1.3393
1318204800;1.3393
1318291200;1.3642
1318377600;1.3787
1318464000;1.3787
1318550400;1.3883
1318636800;1.3883
1318723200;1.3883
1318809600;1.3734
1318896000;1.375
1318982400;1.375
1319068800;1.3783
1319155200;1.3892
1319241600;1.3892
1319328000;1.3892
1319414400;1.3927
1319500800;1.391
1319587200;1.3896
1319673600;1.4188
1319760000;1.4155
1319846400;1.4155
1319932800;1.4148
1320019200;1.3858
1320105600;1.3694
1320192000;1.3747
1320278400;1.3813
1320364800;1.3772
1320451200;1.3772
1320537600;1.3772
1320624000;1.3771
1320710400;1.3837
1320796800;1.3551
1320883200;1.3611
1320969600;1.3754
1321056000;1.3754
1321142400;1.3754
1321228800;1.3626
1321315200;1.3535
1321401600;1.3454
1321488000;1.3459
1321574400;1.351
1321660800;1.351
1321747200;1.351
1321833600;1.3499
1321920000;1.3511
1322006400;1.3342
1322092800;1.3346
1322179200;1.3232
1322265600;1.3232
1322352000;1.3232
1322438400;1.331
1322524800;1.3313
1322611200;1.3437
1322697600;1.3464
1322784000;1.3406
1322870400;1.3406
1322956800;1.3406
1323043200;1.3392
1323129600;1.3399
1323216000;1.3413
1323302400;1.3347
1323388800;1.338
1323475200;1.3384
1323561600;1.3384
1323648000;1.3189
1323734400;1.303
1323820800;1.2983
1323907200;1.3019
1323993600;1.3038
1324080000;1.3046
1324166400;1.3046
1324252800;1.2997
1324339200;1.3082
1324425600;1.3045
1324512000;1.305
1324598400;1.3045
1324684800;1.3048
1324771200;1.3048
1324857600;1.3061
1324944000;1.3071
1325030400;1.2937
1325116800;1.2963
1325203200;1.2943
1325289600;1.2963
1325376000;1.2963
1325462400;1.2932
1325548800;1.3052
1325635200;1.2941
1325721600;1.2783
1325808000;1.2719
1325980800;1.272
1326067200;1.272
1326153600;1.2776
1326240000;1.2706
1326326400;1.2825
1326412800;1.2661
1326499200;1.2677
1326585600;1.2677
1326672000;1.2666
1326758400;1.2739
1326844800;1.2858
1326931200;1.2963
1327017600;1.2933
1327104000;1.2931
1327190400;1.2931
1327276800;1.3027
1327363200;1.3028
1327449600;1.3107
1327536000;1.3104
1327622400;1.3229
1327708800;1.322
1327795200;1.322
1327881600;1.3137
1327968000;1.3078
1328054400;1.3161
1328140800;1.3144
1328227200;1.315
1328313600;1.3158
1328400000;1.3158
1328486400;1.3129
1328572800;1.3261
1328659200;1.3258
1328745600;1.3285
1328832000;1.3181
1328918400;1.3198
1329004800;1.3198
1329091200;1.3192
1329177600;1.3124
1329264000;1.3068
1329350400;1.3134
1329436800;1.3152
1329523200;1.3143
1329609600;1.3143
1329696000;1.3242
1329782400;1.3238
1329868800;1.3245
1329955200;1.3376
1330041600;1.3453
1330128000;1.345
1330214400;1.345
1330300800;1.3392
1330387200;1.3467
1330473600;1.3327
1330560000;1.3312
1330646400;1.3198
1330732800;1.3202
1330819200;1.3202
1330905600;1.3215
1330992000;1.3112
1331078400;1.3149
1331164800;1.3274
1331251200;1.3125
1331337600;1.3124
1331424000;1.3113
1331510400;1.315
1331596800;1.3079
1331683200;1.303
1331856000;1.3082
1331942400;1.3174
1332028800;1.3182
1332115200;1.3237
1332201600;1.3226
1332288000;1.3214
1332374400;1.3199
1332460800;1.3269
1332547200;1.3269
1332633600;1.3269
1332720000;1.3356
1332806400;1.3318
1332892800;1.3314
1332979200;1.33
1333065600;1.3343
1333152000;1.3343
1333238400;1.3343
1333324800;1.3322
1333411200;1.3232
1333497600;1.3142
1333584000;1.3065
1333670400;1.3098
1333756800;1.3098
1333843200;1.3103
1333929600;1.3107
1334016000;1.308
1334102400;1.311
1334188800;1.3185
1334275200;1.3077
1334361600;1.3077
1334448000;1.3066
1334534400;1.3135
1334620800;1.3127
1334707200;1.3113
1334793600;1.3136
1334880000;1.3214
1334966400;1.3214
1335052800;1.3214
1335139200;1.3153
1335225600;1.3194
1335312000;1.3222
1335398400;1.3185
1335484800;1.3253
1335744000;1.3242
1335830400;1.3238
1335916800;1.3154
1336003200;1.3152
1336089600;1.3083
1336176000;1.3083
1336262400;1.3032
1336348800;1.3058
1336435200;1.2999
1336521600;1.2934
1336608000;1.2931
1336694400;1.2916
1336780800;1.2916
1336867200;1.2916
1336953600;1.2826
1337040000;1.2735
1337126400;1.2717
1337212800;1.2688
1337299200;1.2783
1337385600;1.2783
1337472000;1.278
1337558400;1.2809
1337644800;1.2685
1337731200;1.2587
1337817600;1.254
1337904000;1.2516
1337990400;1.2516
1338076800;1.2567
1338163200;1.2541
1338249600;1.2486
1338336000;1.2393
1338422400;1.2361
1338508800;1.2434
1338595200;1.2434
1338681600;1.2428
1338768000;1.2495
1338854400;1.245
1338940800;1.2578
1339027200;1.2564
1339113600;1.2517
1339200000;1.2517
1339286400;1.2661
1339372800;1.2467
1339459200;1.2506
1339545600;1.2565
1339632000;1.2629
1339718400;1.2639
1339804800;1.2639
1339891200;1.2737
1339977600;1.2577
1340064000;1.2687
1340150400;1.2705
1340236800;1.2547
1340323200;1.2571
1340409600;1.2571
1340496000;1.2571
1340582400;1.2502
1340668800;1.2491
1340755200;1.247
1340841600;1.2439
1340928000;1.2659
1341014400;1.2659
1341100800;1.2673
1341187200;1.2583
1341273600;1.2607
1341360000;1.2529
1341446400;1.239
1341532800;1.2287
1341705600;1.2287
1341792000;1.2287
1341878400;1.2249
1341964800;1.2239
1342051200;1.2197
1342137600;1.2248
1342224000;1.2248
1342310400;1.2258
1342396800;1.2269
1342483200;1.229
1342569600;1.2282
1342656000;1.2275
1342742400;1.2157
1342828800;1.2157
1342915200;1.2121
1343001600;1.2113
1343088000;1.2063
1343174400;1.2151
1343260800;1.2279
1343347200;1.232
1343433600;1.232
1343520000;1.2304
1343606400;1.2261
1343692800;1.2297
1343779200;1.223
1343865600;1.2183
1343952000;1.2387
1344038400;1.2387
1344124800;1.2398
1344211200;1.2398
1344297600;1.2398
1344384000;1.2364
1344470400;1.2304
1344556800;1.2289
1344643200;1.2289
1344729600;1.2286
1344816000;1.2332
1344902400;1.232
1344988800;1.2287
1345075200;1.2357
1345161600;1.2333
1345334400;1.234
1345420800;1.2346
1345507200;1.2471
1345593600;1.2527
1345680000;1.2565
1345766400;1.2512
1345852800;1.2512
1345939200;1.2511
1346025600;1.2499
1346112000;1.2564
1346198400;1.2531
1346284800;1.2509
1346371200;1.2573
1346457600;1.2573
1346544000;1.2581
1346630400;1.2589
1346716800;1.2567
1346803200;1.2602
1346889600;1.2635
1346976000;1.2817
1347062400;1.2817
1347148800;1.2808
1347235200;1.2759
1347321600;1.2852
1347408000;1.2901
1347494400;1.2986
1347580800;1.3131
1347667200;1.3131
1347753600;1.3126
1347840000;1.3115
1347926400;1.3045
1348012800;1.3046
1348099200;1.2967
1348185600;1.298
1348272000;1.298
1348358400;1.298
1348444800;1.2931
1348531200;1.2903
1348617600;1.2872
1348704000;1.2913
1348790400;1.2857
1348876800;1.2857
1348963200;1.2847
1349049600;1.2886
1349136000;1.2917
1349222400;1.2908
1349308800;1.3018
1349395200;1.3033
1349481600;1.3033
1349568000;1.3025
1349654400;1.2969
1349740800;1.288
1349827200;1.2864
1349913600;1.2929
1350000000;1.2954
1350086400;1.2954
1350172800;1.2958
1350259200;1.2945
1350345600;1.3098
1350432000;1.3117
1350518400;1.3068
1350604800;1.3023
1350691200;1.3023
1350777600;1.3025
1350864000;1.3066
1350950400;1.2983
1351036800;1.2967
1351123200;1.2942
1351209600;1.2941
1351296000;1.2941
1351382400;1.2941
1351468800;1.2904
1351555200;1.2963
1351641600;1.2958
1351728000;1.2945
1351814400;1.2839
1351900800;1.2839
1351987200;1.2824
1352073600;1.2798
1352160000;1.2811
1352246400;1.2775
1352332800;1.2745
1352419200;1.2714
1352505600;1.2714
1352592000;1.2716
1352678400;1.2708
1352764800;1.2702
1352851200;1.2733
1352937600;1.2782
1353024000;1.274
1353110400;1.2743
1353196800;1.2743
1353283200;1.2781
1353369600;1.2816
1353456000;1.2829
1353542400;1.288
1353628800;1.2977
1353715200;1.2977
1353801600;1.2972
1353888000;1.2993
1353974400;1.2937
1354060800;1.2952
1354147200;1.2978
1354233600;1.2986
1354320000;1.2986
1354406400;1.2986
1354492800;1.3055
1354579200;1.3095
1354665600;1.307
1354752000;1.2966
1354838400;1.2928
1354924800;1.2928
1355011200;1.2891
1355097600;1.2945
1355184000;1.3008
1355270400;1.3072
1355356800;1.3075
1355443200;1.3162
1355529600;1.3162
1355616000;1.318
1355702400;1.3158
1355788800;1.3226
1355875200;1.3203
1355961600;1.3246
1356048000;1.3186
1356134400;1.3186
1356220800;1.3177
1356307200;1.3177
1356393600;1.3177
1356480000;1.3226
1356566400;1.3232
1356652800;1.3219
1356739200;1.3219
1356825600;1.3215
1356912000;1.3185
1356998400;1.3185
1357084800;1.3186
1357171200;1.3033
1357257600;1.3069
1357344000;1.3069
1357430400;1.3077
1357516800;1.3126
1357603200;1.3081
1357689600;1.3056
1357776000;1.3271
1357862400;1.3343
1357948800;1.3343
1358035200;1.336
1358121600;1.3379
1358208000;1.3295
1358294400;1.3286
1358380800;1.338
1358467200;1.3316
1358553600;1.3316
1358640000;1.3318
1358726400;1.3317
1358812800;1.3322
1358899200;1.3313
1358985600;1.3377
1359072000;1.3457
1359158400;1.3457
1359244800;1.3456
1359331200;1.3447
1359417600;1.3487
1359504000;1.3571
1359590400;1.359
1359676800;1.3641
1359763200;1.3641
1359849600;1.3653
1359936000;1.3503
1360022400;1.3581
1360108800;1.3521
1360195200;1.3391
1360281600;1.3363
1360368000;1.3363
1360454400;1.3373
1360540800;1.34
1360627200;1.3455
1360713600;1.3449
1360800000;1.3359
1360886400;1.3362
1360972800;1.3362
1361059200;1.3362
1361145600;1.3354
1361232000;1.3385
1361318400;1.3285
1361404800;1.3188
1361491200;1.3188
1361577600;1.3188
1361664000;1.3193
1361750400;1.3067
1361836800;1.3064
1361923200;1.3133
1362009600;1.3063
1362096000;1.3021
1362182400;1.3021
1362268800;1.3013
1362355200;1.3025
1362441600;1.3048
1362528000;1.2987
1362700800;1.3002
1362787200;1.3002
1362873600;1.2996
1362960000;1.3034
1363046400;1.3028
1363132800;1.2959
1363219200;1.3009
1363305600;1.3075
1363392000;1.3075
1363478400;1.2901
1363564800;1.2947
1363651200;1.2862
1363737600;1.2934
1363824000;1.2894
1363910400;1.299
1363996800;1.299
1364083200;1.2975
1364169600;1.2855
1364256000;1.2859
1364342400;1.278
1364428800;1.2816
1364515200;1.2817
1364601600;1.2817
1364688000;1.281
1364774400;1.2846
1364860800;1.282
1364947200;1.2846
1365033600;1.2934
1365120000;1.2997
1365206400;1.2997
1365292800;1.2995
1365379200;1.3017
1365465600;1.3082
1365552000;1.3068
1365638400;1.3108
1365724800;1.3109
1365811200;1.3109
1365897600;1.3112
1365984000;1.3045
1366070400;1.318
1366156800;1.3034
1366243200;1.3052
1366329600;1.3053
1366416000;1.3053
1366502400;1.3067
1366588800;1.306
1366675200;1.3002
1366761600;1.3014
1366848000;1.3014
1366934400;1.3028
1367020800;1.3028
1367107200;1.3065
1367193600;1.3096
1367280000;1.3167
1367366400;1.3184
1367452800;1.306
1367539200;1.3116
1367625600;1.3116
1367712000;1.3116
1367798400;1.3074
1367884800;1.3079
1367971200;1.3158
1368057600;1.3038
1368144000;1.2992
1368230400;1.2992
1368316800;1.2977
1368403200;1.2979
1368489600;1.293
1368576000;1.2879
1368662400;1.2887
1368748800;1.2836
1368835200;1.2836
1368921600;1.2846
1369008000;1.2886
1369094400;1.2906
1369180800;1.2853
1369267200;1.2934
1369353600;1.2936
1369440000;1.2936
1369526400;1.2937
1369612800;1.2933
1369699200;1.2851
1369785600;1.2943
1369872000;1.3049
1369958400;1.2997
1370044800;1.2997
1370131200;1.2997
1370217600;1.3074
1370304000;1.3086
1370390400;1.3093
1370476800;1.3241
1370563200;1.3214
1370649600;1.3214
1370736000;1.3193
1370822400;1.3254
1370908800;1.3311
1370995200;1.3337
1371081600;1.3373
1371168000;1.3344
1371254400;1.3344
1371340800;1.3348
1371427200;1.3363
1371513600;1.3394
1371600000;1.3291
1371686400;1.3224
1371772800;1.3121
1371859200;1.3121
1371945600;1.3102
1372032000;1.3123
1372118400;1.3083
1372204800;1.3009
1372291200;1.3038
1372377600;1.3011
1372464000;1.3011
1372550400;1.3013
1372636800;1.3064
1372723200;1.2977
1372809600;1.3012
1372896000;1.2911
1372982400;1.2831
1373068800;1.2831
1373155200;1.2816
1373241600;1.2869
1373328000;1.2786
1373414400;1.3009
1373500800;1.3094
1373587200;1.3067
1373673600;1.3067
1373760000;1.3067
1373846400;1.3063
1373932800;1.3158
1374019200;1.3125
1374105600;1.3114
1374192000;1.3137
1374278400;1.3137
1374364800;1.3138
1374451200;1.3187
1374537600;1.3219
1374624000;1.3199
1374710400;1.3277
1374796800;1.3279
1374883200;1.3279
1374969600;1.3282
1375056000;1.3262
1375142400;1.3262
1375228800;1.3302
1375315200;1.3211
1375401600;1.3282
1375488000;1.3282
1375660800;1.3282
1375747200;1.3306
1375833600;1.3336
1375920000;1.3381
1376006400;1.3342
1376179200;1.3342
1376265600;1.3342
1376352000;1.326
1376438400;1.3256
1376524800;1.3349
1376611200;1.3328
1376784000;1.3328
1376870400;1.3328
1376956800;1.342
1377043200;1.3355
1377129600;1.3357
1377216000;1.3377
1377388800;1.3377
1377475200;1.3377
1377561600;1.3391
1377648000;1.3341
1377734400;1.3235
1377820800;1.3223
1377993600;1.3223
1378080000;1.3223
1378166400;1.3165
1378252800;1.3203
1378339200;1.3117
1378425600;1.3178
1378684800;1.3178
1378771200;1.3265
1378857600;1.3313
1378944000;1.33
1379030400;1.33
1379203200;1.33
1379289600;1.33
1379376000;1.3357
1379462400;1.3514
1379548800;1.3532
1379635200;1.3527
1379808000;1.3527
1379894400;1.3527
1379980800;1.3472
1380067200;1.3523
1380153600;1.3487
1380240000;1.3522
1380412800;1.3522
1380499200;1.3522
1380585600;1.3523
1380672000;1.358
1380758400;1.362
1380844800;1.3554
1381017600;1.3554
1381104000;1.3554
1381190400;1.3572
1381276800;1.3523
1381363200;1.3519
1381449600;1.354
1381622400;1.354
1381708800;1.354
1381795200;1.3526
1381881600;1.3532
1381968000;1.3672
1382054400;1.3685
1382227200;1.3685
1382313600;1.3685
1382400000;1.378
1382486400;1.3777
1382572800;1.3799
1382659200;1.3803
1382832000;1.3803
1382918400;1.3785
1383004800;1.3747
1383091200;1.3727
1383177600;1.3585
1383264000;1.3491
1383436800;1.3491
1383523200;1.3491
1383609600;1.3472
1383696000;1.3517
1383782400;1.3416
1383868800;1.3368
1384041600;1.3368
1384128000;1.3406
1384214400;1.3433
1384300800;1.3487
1384387200;1.3456
1384473600;1.3496
1384646400;1.3496
1384732800;1.3504
1384819200;1.3536
1384905600;1.3441
1384992000;1.3477
1385078400;1.3556
1385251200;1.3556
1385337600;1.3554
1385424000;1.3569
1385510400;1.3575
1385596800;1.3602
1385683200;1.3593
1385856000;1.3593
1385942400;1.3539
1386028800;1.3589
1386115200;1.3591
1386201600;1.3673
1386288000;1.3704
1386460800;1.3704
1386547200;1.3736
1386633600;1.3758
1386720000;1.3788
1386806400;1.3749
1386892800;1.3743
1387065600;1.3743
1387152000;1.3761
1387238400;1.3769
1387324800;1.3678
1387411200;1.3657
1387497600;1.3672
1387670400;1.3672
1387756800;1.3698
1387843200;1.3676
1387929600;1.3676
1388016000;1.3691
1388102400;1.3748
1388275200;1.3748
1388361600;1.3793
1388448000;1.3779
1388534400;1.3779
1388620800;1.3661
1388707200;1.3591
1388880000;1.3591
1388966400;1.3633
1389052800;1.3614
1389139200;1.3576
1389225600;1.3603
1389312000;1.3668
1389484800;1.3668
1389571200;1.3668
1389657600;1.3674
1389744000;1.3605
1389830400;1.3615
1389916800;1.3539
1390089600;1.3539
1390176000;1.3557
1390262400;1.3559
1390348800;1.3547
1390435200;1.3693
1390521600;1.3676
1390694400;1.3676
1390780800;1.3671
1390867200;1.3654
1390953600;1.3661
1391040000;1.3555
1391126400;1.3491
1391299200;1.3491
1391385600;1.3526
1391472000;1.3514
1391558400;1.3537
1391644800;1.359
1391731200;1.3635
1391904000;1.3635
1391990400;1.3643
1392076800;1.3638
1392163200;1.3596
1392249600;1.3679
1392336000;1.3693
1392508800;1.3693
1392595200;1.3706
1392681600;1.3759
1392768000;1.3734
1392854400;1.3718
1392940800;1.3738
1393113600;1.3738
1393200000;1.3733
1393286400;1.3745
1393372800;1.3683
1393459200;1.371
1393545600;1.38
1393718400;1.38
1393804800;1.3736
1393891200;1.374
1393977600;1.3736
1394064000;1.3861
1394150400;1.388
1394323200;1.388
1394409600;1.3876
1394496000;1.3858
1394582400;1.3902
1394668800;1.3869
1394755200;1.3912
1394841600;1.3912
1394928000;1.3905
1395014400;1.3927
1395100800;1.3931
1395187200;1.3821
1395273600;1.3778
1395360000;1.3795
1395446400;1.3795
1395532800;1.3792
1395619200;1.3837
1395705600;1.3827
1395792000;1.3787
1395878400;1.3743
1395964800;1.3753
1396137600;1.3753
1396224000;1.3753
1396310400;1.3792
1396396800;1.3765
1396483200;1.3717
1396569600;1.3703
1396742400;1.3703
1396828800;1.3742
1396915200;1.3795
1397001600;1.3853
1397088000;1.3888
1397174400;1.3885
1397347200;1.3885
1397433600;1.3885
1397520000;1.3813
1397606400;1.3816
1397692800;1.3814
1397779200;1.3813
1397952000;1.3813
1398038400;1.3813
1398124800;1.3806
1398211200;1.3817
1398297600;1.3832
1398384000;1.3835
1398556800;1.3835
1398643200;1.3835
1398729600;1.3813
1398816000;1.3866
1398902400;1.3867
1398988800;1.3873
1399161600;1.3873
1399248000;1.3873
1399334400;1.3927
1399420800;1.3911
1399507200;1.3838
1399593600;1.3761
1399766400;1.3761
1399852800;1.3761
1399939200;1.3704
1400025600;1.3714
1400112000;1.371
1400198400;1.3696
1400371200;1.3696
1400457600;1.3696
1400544000;1.37
1400630400;1.3686
1400716800;1.3656
1400803200;1.3632
1400976000;1.3632
1401062400;1.3632
1401148800;1.3635
1401235200;1.3594
1401321600;1.3602
1401408000;1.3633
1401580800;1.3633
1401667200;1.3633
1401753600;1.3627
1401840000;1.36
1401926400;1.3663
1402012800;1.3643
1402185600;1.3643
1402272000;1.3643
1402358400;1.3545
1402444800;1.3532
1402531200;1.3551
1402617600;1.3541
1402790400;1.3541
1402876800;1.3541
1402963200;1.3547
1403049600;1.3589
1403136000;1.3607
1403222400;1.36
1403395200;1.36
1403481600;1.36
1403568000;1.3605
1403654400;1.363
1403740800;1.3612
1403827200;1.3649
1404000000;1.3649
1404086400;1.3649
1404172800;1.3679
1404259200;1.3657
1404345600;1.361
1404432000;1.3594
1404604800;1.3594
1404691200;1.3594
1404777600;1.3613
1404864000;1.3642
1404950400;1.3607
1405036800;1.3608
1405209600;1.3608
1405296000;1.3608
1405382400;1.3569
1405468800;1.3525
1405555200;1.3526
1405641600;1.3525
1405814400;1.3525
1405900800;1.3525
1405987200;1.3465
1406073600;1.3462
1406160000;1.3464
1406246400;1.3431
1406419200;1.3431
1406505600;1.3431
1406592000;1.341
1406678400;1.3395
1406764800;1.3389
1406851200;1.3431
1407024000;1.3431
1407110400;1.3431
1407196800;1.3373
1407283200;1.3384
1407369600;1.3361
1407456000;1.3411
1407628800;1.3411
1407715200;1.3411
1407801600;1.3367
1407888000;1.3363
1407974400;1.3365
1408060800;1.34
1408233600;1.34
1408320000;1.34
1408406400;1.332
1408492800;1.3258
1408579200;1.3282
1408665600;1.3243
1408838400;1.3243
1408924800;1.3243
1409011200;1.3167
1409097600;1.3195
1409184000;1.3184
1409270400;1.3132
1409443200;1.3132
1409529600;1.3132
1409616000;1.3133
1409702400;1.3149
1409788800;1.2937
1409875200;1.2953
1410048000;1.2953
1410134400;1.2953
1410220800;1.2938
1410307200;1.2915
1410393600;1.2924
1410480000;1.2964
1410652800;1.2964
1410739200;1.2964
1410825600;1.2958
1410912000;1.2846
1410998400;1.2916
1411084800;1.2827
1411257600;1.2827
1411344000;1.2827
1411430400;1.2849
1411516800;1.2778
1411603200;1.275
1411689600;1.2683
1411862400;1.2683
1411948800;1.2683
1412035200;1.2631
1412121600;1.2618
1412208000;1.2674
1412294400;1.2514
1412467200;1.2514
1412553600;1.2514
1412640000;1.2665
1412726400;1.2731
1412812800;1.269
1412899200;1.263
1413072000;1.263
1413158400;1.263
1413244800;1.2659
1413331200;1.2818
1413417600;1.2804
1413504000;1.276
1413676800;1.276
1413763200;1.276
1413849600;1.2712
1413936000;1.2644
1414022400;1.2644
1414108800;1.2671
1414281600;1.2671
1414368000;1.2696
1414454400;1.2736
1414540800;1.2636
1414627200;1.261
1414713600;1.2522
1414886400;1.2522
1414972800;1.2522
1415059200;1.2551
1415145600;1.2479
1415232000;1.2378
1415318400;1.2455
1415404800;1.2444
1415577600;1.2454
1415664000;1.2474
1415750400;1.2432
1415836800;1.2476
1415923200;1.2524
1416096000;1.2524
1416182400;1.245
1416268800;1.2531
1416355200;1.2546
1416441600;1.2543
1416528000;1.239
1416614400;1.239
1416700800;1.237
1416787200;1.2442
1416873600;1.2474
1417046400;1.2462
1417132800;1.2453
1417305600;1.2453
1417392000;1.2453
1417478400;1.2383
1417564800;1.2308
1417651200;1.2378
1417737600;1.2287
1417910400;1.2287
1417996800;1.2317
1418083200;1.2377
1418169600;1.2447
1418256000;1.2406
1418342400;1.2461
1418515200;1.2461
1418601600;1.2442
1418688000;1.2512
1418774400;1.2331
1418860800;1.2288
1418947200;1.2231
1419120000;1.2231
1419206400;1.2228
1419292800;1.2173
1419379200;1.2203
1419465600;1.2203
1419552000;1.2181
1419724800;1.2181
1419811200;1.2158
1419897600;1.2157
1419984000;1.21
1420070400;1.21
1420156800;1.2001
1420329600;1.2001
1420416000;1.1933
1420502400;1.1874
1420588800;1.1834
1420675200;1.1788
1420761600;1.1843
1420934400;1.1843
1421020800;1.1829
1421107200;1.1776
1421193600;1.179
1421280000;1.1627
1421366400;1.1562
1421539200;1.1562
1421625600;1.1562
1421712000;1.1555
1421798400;1.1616
1421884800;1.1364
1421971200;1.1206
1422144000;1.1206
1422230400;1.1238
1422316800;1.1371
1422403200;1.1274
1422489600;1.1327
1422576000;1.1285
1422748800;1.1285
1422835200;1.1336
1422921600;1.147
1423008000;1.1335
1423094400;1.1475
1423180800;1.1314
1423353600;1.1314
1423440000;1.1326
1423526400;1.1316
1423612800;1.1328
1423699200;1.1399
1423785600;1.1387
1423958400;1.1387
1424044800;1.1347
1424131200;1.1411
1424217600;1.1402
1424304000;1.1365
1424390400;1.1378
1424563200;1.1378
1424649600;1.1378
1424736000;1.1341
1424822400;1.1364
1424908800;1.1196
1424995200;1.1195
1425168000;1.1195
1425254400;1.1182
1425340800;1.118
1425427200;1.1081
1425513600;1.1033
1425600000;1.0843
1425686400;1.0843
1425772800;1.0826
1425859200;1.0846
1425945600;1.0687
1426032000;1.0552
1426118400;1.0622
1426204800;1.0496
1426377600;1.0496
1426464000;1.0569
1426550400;1.0593
1426636800;1.0827
1426723200;1.0669
1426809600;1.082
1426982400;1.082
1427068800;1.096
1427155200;1.0911
1427241600;1.0964
1427328000;1.0874
1427414400;1.089
1427500800;1.089
1427673600;1.089
1427760000;1.0742
1427846400;1.0768
1427932800;1.0881
1428019200;1.0974
1428192000;1.0974
1428278400;1.0974
1428364800;1.0812
1428451200;1.0783
1428537600;1.0663
1428624000;1.0602
1428796800;1.0602
1428883200;1.0602
1428969600;1.0655
1429056000;1.068
1429142400;1.0764
1429228800;1.0806
1429401600;1.0806
1429488000;1.0806
1429574400;1.0738
1429660800;1.0722
1429747200;1.0822
1429833600;1.0873
1430006400;1.0873
1430092800;1.0873
1430179200;1.0976
1430265600;1.1118
1430352000;1.1213
1430438400;1.1196
1430611200;1.1196
1430697600;1.1196
1430784000;1.1186
1430870400;1.1343
1430956800;1.1244
1431043200;1.1212
1431216000;1.1212
1431302400;1.1212
1431388800;1.122
1431475200;1.135
1431561600;1.1409
1431648000;1.1447
1431820800;1.1447
1431907200;1.1447
1431993600;1.1146
1432080000;1.1092
1432166400;1.1108
1432252800;1.1011
1432425600;1.1011
1432512000;1.1011
1432598400;1.0875
1432684800;1.0901
1432771200;1.0961
1432857600;1.0992
1433030400;1.0992
1433116800;1.0992
1433203200;1.1151
1433289600;1.127
1433376000;1.1222
1433462400;1.1115
1433635200;1.1115
1433721600;1.1115
1433808000;1.1277
1433894400;1.1322
1433980800;1.1236
1434067200;1.1267
1434240000;1.1267
1434326400;1.1267
1434412800;1.1246
1434499200;1.1338
1434585600;1.1369
1434672000;1.1349
1434844800;1.1349
1434931200;1.1349
1435017600;1.1165
1435104000;1.1203
1435190400;1.12
1435276800;1.1162
1435449600;1.1162
1435536000;1.1162
1435622400;1.1142
1435708800;1.1057
1435795200;1.1084
1435881600;1.1115
1436054400;1.1115
1436140800;1.1115
1436227200;1.0993
1436313600;1.1072
1436400000;1.1037
1436486400;1.116
1436659200;1.116
1436745600;1.116
1436832000;1.1008
1436918400;1.0947
1437004800;1.0877
1437091200;1.0829
1437264000;1.0829
1437350400;1.0829
1437436800;1.0939
1437523200;1.0929
1437609600;1.0983
1437696000;1.0978
1437868800;1.0978
1437955200;1.0978
1438041600;1.1063
1438128000;1.0979
1438214400;1.0932
1438300800;1.0984
1438560000;1.0984
1438646400;1.0888
1438732800;1.09
1438819200;1.0924
1438905600;1.0966
1439164800;1.1018
1439251200;1.1042
1439337600;1.1157
1439424000;1.1152
1439510400;1.111
1439769600;1.1077
1439856000;1.1026
1439942400;1.1123
1440028800;1.1235
1440115200;1.1388
1440374400;1.1583
1440460800;1.1507
1440547200;1.1313
1440633600;1.1246
1440720000;1.1185
1440979200;1.121
1441065600;1.131
1441152000;1.1223
1441238400;1.1121
1441324800;1.1148
1441411200;1.1148
1441584000;1.1168
1441670400;1.1204
1441756800;1.1217
1441843200;1.1279
1441929600;1.1338
1442188800;1.1316
1442275200;1.1266
1442361600;1.1288
1442448000;1.1418
1442534400;1.1301
1442793600;1.1188
1442880000;1.1127
1442966400;1.1188
1443052800;1.1173
1443139200;1.1197
1443398400;1.1242
1443484800;1.125
1443571200;1.1172
1443657600;1.1189
1443744000;1.1211
1444003200;1.1186
1444089600;1.1269
1444176000;1.1237
1444262400;1.128
1444348800;1.1359
1444608000;1.1358
1444694400;1.1381
1444780800;1.1481
1444867200;1.1376
1444953600;1.1349
1445212800;1.1331
1445299200;1.1346
1445385600;1.1339
1445472000;1.1104
1445558400;1.1018
1445817600;1.1058
1445904000;1.1042
1445990400;1.0928
1446076800;1.0988
1446163200;1.1007
1446422400;1.1013
1446508800;1.0962
1446595200;1.0866
1446681600;1.0884
1446768000;1.0742
1447027200;1.0755
1447113600;1.0724
1447200000;1.0756
1447286400;1.0809
1447372800;1.0769
1447632000;1.0686
1447718400;1.0643
1447804800;1.066
1447891200;1.073
1447977600;1.0649
1448236800;1.0635
1448323200;1.0647
1448409600;1.062
1448496000;1.0607
1448582400;1.0595
1448841600;1.0571
1448928000;1.0627
1449014400;1.0609
1449100800;1.093
1449187200;1.0879
1449446400;1.0833
1449532800;1.0896
1449619200;1.102
1449705600;1.0939
1449792000;1.0991
1450051200;1.0999
1450137600;1.0932
1450224000;1.0904
1450310400;1.0837
1450396800;1.0869
1450656000;1.0912
1450742400;1.0952
1450828800;1.0905
1450915200;1.0954
1451001600;1.0954
1451260800;1.0973
1451347200;1.0923
1451433600;1.0925
1451520000;1.0865
1451606400;1.0865
1451865600;1.0831
1451952000;1.0754
1452038400;1.0777
1452124800;1.0921
1452211200;1.0925
1452470400;1.0862
1452556800;1.0848
1452643200;1.0882
1452729600;1.0862
1452816000;1.0913
1453075200;1.0891
1453161600;1.0911
1453248000;1.089
1453334400;1.0866
1453420800;1.0799
1453680000;1.085
1453766400;1.0865
1453852800;1.0904
1453939200;1.0941
1454025600;1.0831
1454284800;1.0889
1454371200;1.0926
1454457600;1.1083
1454544000;1.1202
1454630400;1.1158
1454889600;1.1196
1454976000;1.129
1455062400;1.1281
1455148800;1.1314
1455235200;1.1255
1455494400;1.1162
1455580800;1.1137
1455667200;1.1127
1455753600;1.1107
1455840000;1.1129
1456099200;1.1025
1456185600;1.102
1456272000;1.1015
1456358400;1.102
1456444800;1.0931
1456704000;1.0883
1456790400;1.0867
1456876800;1.0867
1456963200;1.095
1457049600;1.1008
1457308800;1.1015
1457395200;1.1007
1457481600;1.1
1457568000;1.1177
1457654400;1.1147
1457913600;1.1103
1458000000;1.1109
1458086400;1.1215
1458172800;1.1313
1458259200;1.127
1458518400;1.124
1458604800;1.1217
1458691200;1.1182
1458777600;1.1178
1458864000;1.1166
1459123200;1.1197
1459209600;1.1289
1459296000;1.1334
1459382400;1.1381
1459468800;1.1395
1459728000;1.1391
1459814400;1.1382
1459900800;1.1395
1459987200;1.1374
1460073600;1.1399
1460332800;1.1403
1460419200;1.1384
1460505600;1.1276
1460592000;1.1264
1460678400;1.1281
1460937600;1.1313
1461024000;1.1357
1461110400;1.1298
1461196800;1.1286
1461283200;1.1225
1461542400;1.1271
1461628800;1.1298
1461715200;1.1323
1461801600;1.1351
1461888000;1.1451
1462147200;1.1529
1462233600;1.1497
1462320000;1.1488
1462406400;1.1402
1462492800;1.1405
1462752000;1.1384
1462838400;1.1373
1462924800;1.1424
1463011200;1.1374
1463097600;1.1309
1463356800;1.1318
1463443200;1.1313
1463529600;1.1218
1463616000;1.1202
1463702400;1.1223
1463961600;1.1219
1464048000;1.1141
1464134400;1.1157
1464220800;1.1194
1464307200;1.1114
1464566400;1.1136
1464652800;1.1129
1464739200;1.1186
1464825600;1.1153
1464912000;1.1367
1465171200;1.1354
1465257600;1.1355
1465344000;1.1401
1465430400;1.1317
1465516800;1.1253
1465776000;1.1288
1465862400;1.1205
1465948800;1.1261
1466035200;1.1226
1466121600;1.1278
1466380800;1.1311
1466467200;1.1249
1466553600;1.1328
1466640000;1.1421
1466726400;1.1104
1466985600;1.1019
1467072000;1.1071
1467158400;1.1125
1467244800;1.1099
1467331200;1.114
1467590400;1.1149
1467676800;1.1066
1467763200;1.1096
1467849600;1.1062
1467936000;1.105
1468195200;1.106
1468281600;1.1063
1468368000;1.1092
1468454400;1.1113
1468540800;1.1035
1468800000;1.1073
1468886400;1.1017
1468972800;1.1011
1469059200;1.1024
1469145600;1.0978
1469404800;1.0992
1469491200;1.0986
1469577600;1.1055
1469664000;1.1076
1469750400;1.1173
1470009600;1.1163
1470096000;1.1223
1470182400;1.115
1470268800;1.1129
1470355200;1.1088
1470614400;1.1085
1470700800;1.1115
1470787200;1.1181
1470873600;1.1137
1470960000;1.1164
1471219200;1.1184
1471305600;1.1276
1471392000;1.1288
1471478400;1.1351
1471564800;1.1325
1471824000;1.1323
1471910400;1.1304
1471996800;1.1264
1472083200;1.1284
1472169600;1.1195
1472428800;1.1186
1472515200;1.1142
1472601600;1.1158
1472688000;1.1197
1472774400;1.1155
1473033600;1.1148
1473120000;1.1251
1473206400;1.1238
1473292800;1.1266
1473379200;1.1232
1473638400;1.1235
1473724800;1.1217
1473811200;1.1248
1473897600;1.1244
1473984000;1.1155
1474243200;1.1177
1474329600;1.1152
1474416000;1.1192
1474502400;1.1208
1474588800;1.1226
1474848000;1.1252
1474934400;1.1218
1475020800;1.1217
1475107200;1.1221
1475193600;1.1239
1475452800;1.1212
1475539200;1.1206
1475625600;1.1206
1475712000;1.1146
1475798400;1.12
1476057600;1.1137
1476144000;1.1051
1476230400;1.1008
1476316800;1.1055
1476403200;1.0972
1476662400;1.0999
1476748800;1.0978
1476835200;1.0973
1476921600;1.0926
1477008000;1.0885
1477267200;1.0874
1477353600;1.0888
1477440000;1.0907
1477526400;1.0898
1477612800;1.0986
1477872000;1.0972
1477958400;1.1057
1478044800;1.1099
1478131200;1.1105
1478217600;1.1141
1478476800;1.1043
1478563200;1.1015
1478649600;1.092
1478736000;1.0886
1478822400;1.0858
1479081600;1.0741
1479168000;1.0722
1479254400;1.0701
1479340800;1.0626
1479427200;1.0588
1479686400;1.0632
1479772800;1.0626
1479859200;1.0552
1479945600;1.0558
1480032000;1.0595
1480291200;1.0612
1480377600;1.0649
1480464000;1.0596
1480550400;1.066
1480636800;1.0664
1480896000;1.0761
1480982400;1.0718
1481068800;1.0756
1481155200;1.0607
1481241600;1.0559
1481500800;1.0641
1481587200;1.0626
1481673600;1.0533
1481760000;1.0419
1481846400;1.0455
1482105600;1.04
1482192000;1.0393
1482278400;1.0427
1482364800;1.0438
1482451200;1.0455
1482710400;1.0457
1482796800;1.0458
1482883200;1.0417
1482969600;1.0492
1483056000;1.0523
1483315200;1.0468
1483401600;1.0407
1483488000;1.049
1483574400;1.0604
1483660800;1.0535
1483920000;1.0585
1484006400;1.0556
1484092800;1.0583
1484179200;1.0612
1484265600;1.0645
1484524800;1.0599
1484611200;1.0712
1484697600;1.0634
1484784000;1.066
1484870400;1.0703
1485129600;1.0766
1485216000;1.0731
1485302400;1.0747
1485388800;1.0679
1485475200;1.0696
1485734400;1.07
1485820800;1.0794
1485907200;1.0766
1485993600;1.0763
1486080000;1.0788
1486339200;1.0747
1486425600;1.0681
1486512000;1.0698
1486598400;1.0654
1486684800;1.0641
1486944000;1.0596
1487030400;1.0579
1487116800;1.0594
1487203200;1.067
1487289600;1.0611
1487548800;1.0613
1487635200;1.0536
1487721600;1.0555
1487808000;1.058
1487894400;1.0562
1488153600;1.0587
1488240000;1.0573
1488326400;1.0551
1488412800;1.0507
1488499200;1.0623
1488758400;1.0579
1488844800;1.0564
1488931200;1.0542
1489017600;1.0574
1489104000;1.0675
1489363200;1.0652
1489449600;1.0608
1489536000;1.0732
1489622400;1.0774
1489708800;1.074
1489968000;1.0736
1490054400;1.0812
1490140800;1.0796
1490227200;1.0782
1490313600;1.0798
1490572800;1.0864
1490659200;1.0814
1490745600;1.0767
1490832000;1.068
1490918400;1.0658
1491177600;1.0669
1491264000;1.0676
1491350400;1.067
1491436800;1.0642
1491523200;1.0591
1491782400;1.0597
1491868800;1.0606
1491955200;1.0671
1492041600;1.0616
1492128000;1.0609
1492387200;1.0648
1492473600;1.073
1492560000;1.0711
1492646400;1.0716
1492732800;1.0726
1492992000;1.0866
1493078400;1.0929
1493164800;1.0905
1493251200;1.0873
1493337600;1.0899
1493596800;1.0901
1493683200;1.0927
1493769600;1.0884
1493856000;1.098
1493942400;1.0999
1494201600;1.0923
1494288000;1.0877
1494374400;1.0867
1494460800;1.0864
1494547200;1.0933
1494806400;1.0977
1494892800;1.1085
1494979200;1.1165
1495065600;1.11
1495152000;1.1208
1495411200;1.1238
1495497600;1.1183
1495584000;1.1216
1495670400;1.1211
1495756800;1.118
1496016000;1.1157
1496102400;1.1182
1496188800;1.1244
1496275200;1.1216
1496361600;1.1281
1496620800;1.1256
1496707200;1.1278
1496793600;1.1262
1496880000;1.1204
1496966400;1.1195
1497225600;1.1206
1497312000;1.1209
1497398400;1.1217
1497484800;1.1147
1497571200;1.1196
1497830400;1.1149
1497916800;1.1135
1498003200;1.1168
1498089600;1.1152
1498176000;1.1193
1498435200;1.1182
1498521600;1.1335
1498608000;1.1379
1498694400;1.1442
1498780800;1.142
1499040000;1.1362
1499126400;1.1348
1499212800;1.1351
1499299200;1.142
1499385600;1.1401
1499644800;1.1398
1499731200;1.1464
1499817600;1.1414
1499904000;1.1399
1499990400;1.1467
1500249600;1.1478
1500336000;1.1556
1500422400;1.1516
1500508800;1.1632
1500595200;1.1664
1500854400;1.1639
1500940800;1.1647
1501027200;1.1746
1501113600;1.1678
1501200000;1.1747
1501459200;1.1836
1501545600;1.1806
1501632000;1.1856
1501718400;1.1872
1501804800;1.1774
1502064000;1.1796
1502150400;1.1748
1502236800;1.1761
1502323200;1.177
1502409600;1.1822
1502668800;1.1776
1502755200;1.1736
1502841600;1.1771
1502928000;1.1726
1503014400;1.1745
1503273600;1.1814
1503360000;1.1763
1503446400;1.1811
1503532800;1.18
1503619200;1.1921
1503878400;1.1978
1503964800;1.1966
1504051200;1.1894
1504137600;1.1916
1504224000;1.1862
1504483200;1.1897
1504569600;1.1915
1504656000;1.1922
1504742400;1.202
1504828800;1.2038
1505088000;1.1955
1505174400;1.1966
1505260800;1.1889
1505347200;1.1916
1505433600;1.1944
1505692800;1.1953
1505779200;1.1994
1505865600;1.1888
1505952000;1.1939
1506038400;1.1955
1506297600;1.1847
1506384000;1.1792
1506470400;1.1744
1506556800;1.1783
1506643200;1.1815
1506902400;1.1734
1506988800;1.1738
1507075200;1.1758
1507161600;1.1713
1507248000;1.1735
1507507200;1.1741
1507593600;1.1809
1507680000;1.1862
1507766400;1.1831
1507852800;1.1821
1508112000;1.1797
1508198400;1.1768
1508284800;1.1793
1508371200;1.1845
1508457600;1.178
1508716800;1.1748
1508803200;1.1763
1508889600;1.1815
1508976000;1.1654
1509062400;1.1609
1509321600;1.1644
1509408000;1.165
1509494400;1.1617
1509580800;1.1657
1509667200;1.1609
1509926400;1.1612
1510012800;1.159
1510099200;1.1593
1510185600;1.1642
1510272000;1.1665
1510531200;1.1664
1510617600;1.1798
1510704000;1.1772
1510790400;1.1771
1510876800;1.1791
1511136000;1.1733
1511222400;1.1735
1511308800;1.1818
1511395200;1.185
1511481600;1.1928
1511740800;1.19
1511827200;1.1847
1511913600;1.1851
1512000000;1.189
1512086400;1.1898
1512345600;1.1867
1512432000;1.1828
1512518400;1.1803
1512604800;1.1776
1512691200;1.1773
1512950400;1.1773
1513036800;1.1738
1513123200;1.1825
1513209600;1.1765
1513296000;1.175
1513555200;1.1782
1513641600;1.1841
1513728000;1.1873
1513814400;1.1866
1513900800;1.1863
1514160000;1.1863
1514246400;1.1862
1514332800;1.1898
1514419200;1.1938
1514505600;1.2007
1514764800;1.2016
1514851200;1.2058
1514937600;1.2013
1515024000;1.207
1515110400;1.2031
1515369600;1.1968
1515456000;1.1938
1515542400;1.1949
1515628800;1.2039
1515715200;1.2206
1515974400;1.2267
1516060800;1.226
1516147200;1.2172
1516233600;1.2242
1516320000;1.2225
1516579200;1.226
1516665600;1.2297
1516752000;1.2404
1516838400;1.2377
1516924800;1.2431
1517184000;1.2382
1517270400;1.2404
1517356800;1.2412
1517443200;1.2504
1517529600;1.2457
1517788800;1.2382
1517875200;1.2378
1517961600;1.2254
1518048000;1.225
1518134400;1.2252
1518393600;1.229
1518480000;1.2349
1518566400;1.2455
1518652800;1.2502
1518739200;1.2411
1518998400;1.2409
1519084800;1.2336
1519171200;1.2278
1519257600;1.2329
1519344000;1.2296
1519603200;1.2314
1519689600;1.2233
1519776000;1.2193
1519862400;1.2275
1519948800;1.2319
1520208000;1.2335
1520294400;1.2421
1520380800;1.241
1520467200;1.2306
1520553600;1.2306
1520812800;1.2334
1520899200;1.2392
1520985600;1.2368
1521072000;1.2308
1521158400;1.2289
1521417600;1.2335
1521504000;1.2245
1521590400;1.2342
1521676800;1.2321
1521763200;1.2354
1522022400;1.2448
1522108800;1.2404
1522195200;1.231
1522281600;1.2302
1522368000;1.2323
1522627200;1.2302
1522713600;1.2269
1522800000;1.2282
1522886400;1.2238
1522972800;1.2281
1523232000;1.2321
1523318400;1.2354
1523404800;1.2367
1523491200;1.2326
1523577600;1.2331
1523836800;1.2381
1523923200;1.2372
1524009600;1.2378
1524096000;1.2346
1524182400;1.2288
1524441600;1.2208
1524528000;1.2233
1524614400;1.2163
1524700800;1.2106
1524787200;1.2129
1525046400;1.2078
1525132800;1.1992
1525219200;1.1957
1525305600;1.1988
1525392000;1.1962
1525651200;1.1922
1525737600;1.1864
1525824000;1.1851
1525910400;1.1916
1525996800;1.1941
1526256000;1.1924
1526428800;1.1796
1526515200;1.1797
1526601600;1.1771
1526860800;1.1794
1526947200;1.1778
1527033600;1.1703
1527120000;1.1734
